CourseID,Month,CurrentEnrollments,CurrentRevenue,CourseName,CourseCategory,CourseType,CourseLevel,CoursePrice,CourseDuration,CourseRating,YearsOfExperience,TeacherRating,ExpertiseCategoryMatch,PastEnrollmentCount,PastAverageRevenue,RevenuePerEnrollment,TargetEnrollmentCount,TargetCourseRevenue,ForecastMonth,MonthNumber,PriceBand,DurationBucket,RatingTier,ExperienceBucket
CR00001,2025-01,18,8501.039999999999,Python Basics,Programming,Paid,Beginner,472.28,11.0,4.74,16.682926829268293,4.191646341463414,0.13414634146341464,18,8501.039999999999,472.28,11.0,5195.08,2025-02,2,High,Short,Excellent,Senior
CR00001,2025-02,11,5195.08,Python Basics,Programming,Paid,Beginner,472.28,11.0,4.74,16.682926829268293,4.191646341463414,0.13414634146341464,11,6848.0599999999995,472.28,8.0,3778.24,2025-03,3,High,Short,Excellent,Senior
CR00001,2025-03,8,3778.24,Python Basics,Programming,Paid,Beginner,472.28,11.0,4.74,16.682926829268293,4.191646341463414,0.13414634146341464,8,5824.786666666667,472.28,14.0,6611.92,2025-04,4,High,Short,Excellent,Senior
CR00001,2025-04,14,6611.92,Python Basics,Programming,Paid,Beginner,472.28,11.0,4.74,16.682926829268293,4.191646341463414,0.13414634146341464,14,6021.57,472.28000000000003,17.0,8028.759999999999,2025-05,5,High,Short,Excellent,Senior
CR00001,2025-05,17,8028.759999999999,Python Basics,Programming,Paid,Beginner,472.28,11.0,4.74,16.682926829268293,4.191646341463414,0.13414634146341464,17,6423.008,472.28,11.0,5195.08,2025-06,6,High,Short,Excellent,Senior
CR00001,2025-06,11,5195.08,Python Basics,Programming,Paid,Beginner,472.28,11.0,4.74,16.682926829268293,4.191646341463414,0.13414634146341464,11,6218.353333333333,472.28,12.0,5667.36,2025-07,7,High,Short,Excellent,Senior
CR00001,2025-07,12,5667.36,Python Basics,Programming,Paid,Beginner,472.28,11.0,4.74,16.682926829268293,4.191646341463414,0.13414634146341464,12,6139.639999999999,472.28,12.0,5667.36,2025-08,8,High,Short,Excellent,Senior
CR00001,2025-08,12,5667.36,Python Basics,Programming,Paid,Beginner,472.28,11.0,4.74,16.682926829268293,4.191646341463414,0.13414634146341464,12,6080.605,472.28,23.0,10862.439999999999,2025-09,9,High,Short,Excellent,Senior
CR00001,2025-09,23,10862.439999999999,Python Basics,Programming,Paid,Beginner,472.28,11.0,4.74,16.682926829268293,4.191646341463414,0.13414634146341464,23,6611.92,472.2799999999999,13.0,6139.639999999999,2025-10,10,High,Short,Excellent,Senior
CR00001,2025-10,13,6139.639999999999,Python Basics,Programming,Paid,Beginner,472.28,11.0,4.74,16.682926829268293,4.191646341463414,0.13414634146341464,13,6564.692,472.28,13.0,6139.639999999999,2025-11,11,High,Short,Excellent,Senior
CR00001,2025-11,13,6139.639999999999,Python Basics,Programming,Paid,Beginner,472.28,11.0,4.74,16.682926829268293,4.191646341463414,0.13414634146341464,13,6526.050909090909,472.28,12.0,5667.36,2025-12,12,High,Short,Excellent,Senior
CR00002,2025-01,11,0.0,Java Programming,Programming,Free,Intermediate,0.0,37.7,2.43,17.013422818791945,4.2114093959731544,0.1610738255033557,11,0.0,0.0,10.0,0.0,2025-02,2,Free,Medium,Developing,Senior
CR00002,2025-02,10,0.0,Java Programming,Programming,Free,Intermediate,0.0,37.7,2.43,17.013422818791945,4.2114093959731544,0.1610738255033557,10,0.0,0.0,15.0,0.0,2025-03,3,Free,Medium,Developing,Senior
CR00002,2025-03,15,0.0,Java Programming,Programming,Free,Intermediate,0.0,37.7,2.43,17.013422818791945,4.2114093959731544,0.1610738255033557,15,0.0,0.0,20.0,0.0,2025-04,4,Free,Medium,Developing,Senior
CR00002,2025-04,20,0.0,Java Programming,Programming,Free,Intermediate,0.0,37.7,2.43,17.013422818791945,4.2114093959731544,0.1610738255033557,20,0.0,0.0,17.0,0.0,2025-05,5,Free,Medium,Developing,Senior
CR00002,2025-05,17,0.0,Java Programming,Programming,Free,Intermediate,0.0,37.7,2.43,17.013422818791945,4.2114093959731544,0.1610738255033557,17,0.0,0.0,12.0,0.0,2025-06,6,Free,Medium,Developing,Senior
CR00002,2025-06,12,0.0,Java Programming,Programming,Free,Intermediate,0.0,37.7,2.43,17.013422818791945,4.2114093959731544,0.1610738255033557,12,0.0,0.0,9.0,0.0,2025-07,7,Free,Medium,Developing,Senior
CR00002,2025-07,9,0.0,Java Programming,Programming,Free,Intermediate,0.0,37.7,2.43,17.013422818791945,4.2114093959731544,0.1610738255033557,9,0.0,0.0,17.0,0.0,2025-08,8,Free,Medium,Developing,Senior
CR00002,2025-08,17,0.0,Java Programming,Programming,Free,Intermediate,0.0,37.7,2.43,17.013422818791945,4.2114093959731544,0.1610738255033557,17,0.0,0.0,5.0,0.0,2025-09,9,Free,Medium,Developing,Senior
CR00002,2025-09,5,0.0,Java Programming,Programming,Free,Intermediate,0.0,37.7,2.43,17.013422818791945,4.2114093959731544,0.1610738255033557,5,0.0,0.0,9.0,0.0,2025-10,10,Free,Medium,Developing,Senior
CR00002,2025-10,9,0.0,Java Programming,Programming,Free,Intermediate,0.0,37.7,2.43,17.013422818791945,4.2114093959731544,0.1610738255033557,9,0.0,0.0,11.0,0.0,2025-11,11,Free,Medium,Developing,Senior
CR00002,2025-11,11,0.0,Java Programming,Programming,Free,Intermediate,0.0,37.7,2.43,17.013422818791945,4.2114093959731544,0.1610738255033557,11,0.0,0.0,13.0,0.0,2025-12,12,Free,Medium,Developing,Senior
CR00003,2025-01,12,0.0,C++ for Beginners,Programming,Free,Beginner,0.0,19.53,3.85,16.589595375722542,4.079017341040462,0.13872832369942195,12,0.0,0.0,10.0,0.0,2025-02,2,Free,Short,Good,Senior
CR00003,2025-02,10,0.0,C++ for Beginners,Programming,Free,Beginner,0.0,19.53,3.85,16.589595375722542,4.079017341040462,0.13872832369942195,10,0.0,0.0,10.0,0.0,2025-03,3,Free,Short,Good,Senior
CR00003,2025-03,10,0.0,C++ for Beginners,Programming,Free,Beginner,0.0,19.53,3.85,16.589595375722542,4.079017341040462,0.13872832369942195,10,0.0,0.0,14.0,0.0,2025-04,4,Free,Short,Good,Senior
CR00003,2025-04,14,0.0,C++ for Beginners,Programming,Free,Beginner,0.0,19.53,3.85,16.589595375722542,4.079017341040462,0.13872832369942195,14,0.0,0.0,13.0,0.0,2025-05,5,Free,Short,Good,Senior
CR00003,2025-05,13,0.0,C++ for Beginners,Programming,Free,Beginner,0.0,19.53,3.85,16.589595375722542,4.079017341040462,0.13872832369942195,13,0.0,0.0,16.0,0.0,2025-06,6,Free,Short,Good,Senior
CR00003,2025-06,16,0.0,C++ for Beginners,Programming,Free,Beginner,0.0,19.53,3.85,16.589595375722542,4.079017341040462,0.13872832369942195,16,0.0,0.0,17.0,0.0,2025-07,7,Free,Short,Good,Senior
CR00003,2025-07,17,0.0,C++ for Beginners,Programming,Free,Beginner,0.0,19.53,3.85,16.589595375722542,4.079017341040462,0.13872832369942195,17,0.0,0.0,16.0,0.0,2025-08,8,Free,Short,Good,Senior
CR00003,2025-08,16,0.0,C++ for Beginners,Programming,Free,Beginner,0.0,19.53,3.85,16.589595375722542,4.079017341040462,0.13872832369942195,16,0.0,0.0,14.0,0.0,2025-09,9,Free,Short,Good,Senior
CR00003,2025-09,14,0.0,C++ for Beginners,Programming,Free,Beginner,0.0,19.53,3.85,16.589595375722542,4.079017341040462,0.13872832369942195,14,0.0,0.0,15.0,0.0,2025-10,10,Free,Short,Good,Senior
CR00003,2025-10,15,0.0,C++ for Beginners,Programming,Free,Beginner,0.0,19.53,3.85,16.589595375722542,4.079017341040462,0.13872832369942195,15,0.0,0.0,23.0,0.0,2025-11,11,Free,Short,Good,Senior
CR00003,2025-11,23,0.0,C++ for Beginners,Programming,Free,Beginner,0.0,19.53,3.85,16.589595375722542,4.079017341040462,0.13872832369942195,23,0.0,0.0,13.0,0.0,2025-12,12,Free,Short,Good,Senior
CR00004,2025-01,20,0.0,Advanced Python,Programming,Free,Beginner,0.0,45.13,2.88,15.896103896103897,4.097987012987013,0.16233766233766234,20,0.0,0.0,12.0,0.0,2025-02,2,Free,Long,Developing,Senior
CR00004,2025-02,12,0.0,Advanced Python,Programming,Free,Beginner,0.0,45.13,2.88,15.896103896103897,4.097987012987013,0.16233766233766234,12,0.0,0.0,10.0,0.0,2025-03,3,Free,Long,Developing,Senior
CR00004,2025-03,10,0.0,Advanced Python,Programming,Free,Beginner,0.0,45.13,2.88,15.896103896103897,4.097987012987013,0.16233766233766234,10,0.0,0.0,7.0,0.0,2025-04,4,Free,Long,Developing,Senior
CR00004,2025-04,7,0.0,Advanced Python,Programming,Free,Beginner,0.0,45.13,2.88,15.896103896103897,4.097987012987013,0.16233766233766234,7,0.0,0.0,11.0,0.0,2025-05,5,Free,Long,Developing,Senior
CR00004,2025-05,11,0.0,Advanced Python,Programming,Free,Beginner,0.0,45.13,2.88,15.896103896103897,4.097987012987013,0.16233766233766234,11,0.0,0.0,11.0,0.0,2025-06,6,Free,Long,Developing,Senior
CR00004,2025-06,11,0.0,Advanced Python,Programming,Free,Beginner,0.0,45.13,2.88,15.896103896103897,4.097987012987013,0.16233766233766234,11,0.0,0.0,21.0,0.0,2025-07,7,Free,Long,Developing,Senior
CR00004,2025-07,21,0.0,Advanced Python,Programming,Free,Beginner,0.0,45.13,2.88,15.896103896103897,4.097987012987013,0.16233766233766234,21,0.0,0.0,9.0,0.0,2025-08,8,Free,Long,Developing,Senior
CR00004,2025-08,9,0.0,Advanced Python,Programming,Free,Beginner,0.0,45.13,2.88,15.896103896103897,4.097987012987013,0.16233766233766234,9,0.0,0.0,15.0,0.0,2025-09,9,Free,Long,Developing,Senior
CR00004,2025-09,15,0.0,Advanced Python,Programming,Free,Beginner,0.0,45.13,2.88,15.896103896103897,4.097987012987013,0.16233766233766234,15,0.0,0.0,13.0,0.0,2025-10,10,Free,Long,Developing,Senior
CR00004,2025-10,13,0.0,Advanced Python,Programming,Free,Beginner,0.0,45.13,2.88,15.896103896103897,4.097987012987013,0.16233766233766234,13,0.0,0.0,15.0,0.0,2025-11,11,Free,Long,Developing,Senior
CR00004,2025-11,15,0.0,Advanced Python,Programming,Free,Beginner,0.0,45.13,2.88,15.896103896103897,4.097987012987013,0.16233766233766234,15,0.0,0.0,10.0,0.0,2025-12,12,Free,Long,Developing,Senior
CR00005,2025-01,11,0.0,Full Stack Development,Programming,Free,Beginner,0.0,28.68,1.28,15.795180722891565,4.05855421686747,0.15060240963855423,11,0.0,0.0,15.0,0.0,2025-02,2,Free,Medium,Developing,Senior
CR00005,2025-02,15,0.0,Full Stack Development,Programming,Free,Beginner,0.0,28.68,1.28,15.795180722891565,4.05855421686747,0.15060240963855423,15,0.0,0.0,20.0,0.0,2025-03,3,Free,Medium,Developing,Senior
CR00005,2025-03,20,0.0,Full Stack Development,Programming,Free,Beginner,0.0,28.68,1.28,15.795180722891565,4.05855421686747,0.15060240963855423,20,0.0,0.0,10.0,0.0,2025-04,4,Free,Medium,Developing,Senior
CR00005,2025-04,10,0.0,Full Stack Development,Programming,Free,Beginner,0.0,28.68,1.28,15.795180722891565,4.05855421686747,0.15060240963855423,10,0.0,0.0,18.0,0.0,2025-05,5,Free,Medium,Developing,Senior
CR00005,2025-05,18,0.0,Full Stack Development,Programming,Free,Beginner,0.0,28.68,1.28,15.795180722891565,4.05855421686747,0.15060240963855423,18,0.0,0.0,16.0,0.0,2025-06,6,Free,Medium,Developing,Senior
CR00005,2025-06,16,0.0,Full Stack Development,Programming,Free,Beginner,0.0,28.68,1.28,15.795180722891565,4.05855421686747,0.15060240963855423,16,0.0,0.0,14.0,0.0,2025-07,7,Free,Medium,Developing,Senior
CR00005,2025-07,14,0.0,Full Stack Development,Programming,Free,Beginner,0.0,28.68,1.28,15.795180722891565,4.05855421686747,0.15060240963855423,14,0.0,0.0,11.0,0.0,2025-08,8,Free,Medium,Developing,Senior
CR00005,2025-08,11,0.0,Full Stack Development,Programming,Free,Beginner,0.0,28.68,1.28,15.795180722891565,4.05855421686747,0.15060240963855423,11,0.0,0.0,14.0,0.0,2025-09,9,Free,Medium,Developing,Senior
CR00005,2025-09,14,0.0,Full Stack Development,Programming,Free,Beginner,0.0,28.68,1.28,15.795180722891565,4.05855421686747,0.15060240963855423,14,0.0,0.0,13.0,0.0,2025-10,10,Free,Medium,Developing,Senior
CR00005,2025-10,13,0.0,Full Stack Development,Programming,Free,Beginner,0.0,28.68,1.28,15.795180722891565,4.05855421686747,0.15060240963855423,13,0.0,0.0,11.0,0.0,2025-11,11,Free,Medium,Developing,Senior
CR00005,2025-11,11,0.0,Full Stack Development,Programming,Free,Beginner,0.0,28.68,1.28,15.795180722891565,4.05855421686747,0.15060240963855423,11,0.0,0.0,13.0,0.0,2025-12,12,Free,Medium,Developing,Senior
CR00006,2025-01,11,3040.07,Graphic Design Basics,Design,Paid,Advanced,276.37,48.84,2.72,16.75,4.133461538461538,0.30128205128205127,11,3040.07,276.37,14.0,3869.1800000000003,2025-02,2,High,Long,Developing,Senior
CR00006,2025-02,14,3869.1800000000003,Graphic Design Basics,Design,Paid,Advanced,276.37,48.84,2.72,16.75,4.133461538461538,0.30128205128205127,14,3454.625,276.37,16.0,4421.92,2025-03,3,High,Long,Developing,Senior
CR00006,2025-03,16,4421.92,Graphic Design Basics,Design,Paid,Advanced,276.37,48.84,2.72,16.75,4.133461538461538,0.30128205128205127,16,3777.056666666667,276.37,13.0,3592.81,2025-04,4,High,Long,Developing,Senior
CR00006,2025-04,13,3592.81,Graphic Design Basics,Design,Paid,Advanced,276.37,48.84,2.72,16.75,4.133461538461538,0.30128205128205127,13,3730.995,276.37,17.0,4698.29,2025-05,5,High,Long,Developing,Senior
CR00006,2025-05,17,4698.29,Graphic Design Basics,Design,Paid,Advanced,276.37,48.84,2.72,16.75,4.133461538461538,0.30128205128205127,17,3924.454,276.37,13.0,3592.81,2025-06,6,High,Long,Developing,Senior
CR00006,2025-06,13,3592.81,Graphic Design Basics,Design,Paid,Advanced,276.37,48.84,2.72,16.75,4.133461538461538,0.30128205128205127,13,3869.1800000000003,276.37,8.0,2210.96,2025-07,7,High,Long,Developing,Senior
CR00006,2025-07,8,2210.96,Graphic Design Basics,Design,Paid,Advanced,276.37,48.84,2.72,16.75,4.133461538461538,0.30128205128205127,8,3632.2914285714287,276.37,15.0,4145.55,2025-08,8,High,Long,Developing,Senior
CR00006,2025-08,15,4145.55,Graphic Design Basics,Design,Paid,Advanced,276.37,48.84,2.72,16.75,4.133461538461538,0.30128205128205127,15,3696.44875,276.37,10.0,2763.7,2025-09,9,High,Long,Developing,Senior
CR00006,2025-09,10,2763.7,Graphic Design Basics,Design,Paid,Advanced,276.37,48.84,2.72,16.75,4.133461538461538,0.30128205128205127,10,3592.81,276.37,13.0,3592.81,2025-10,10,High,Long,Developing,Senior
CR00006,2025-10,13,3592.81,Graphic Design Basics,Design,Paid,Advanced,276.37,48.84,2.72,16.75,4.133461538461538,0.30128205128205127,13,3592.81,276.37,14.0,3869.1800000000003,2025-11,11,High,Long,Developing,Senior
CR00006,2025-11,14,3869.1800000000003,Graphic Design Basics,Design,Paid,Advanced,276.37,48.84,2.72,16.75,4.133461538461538,0.30128205128205127,14,3617.9345454545455,276.37,12.0,3316.44,2025-12,12,High,Long,Developing,Senior
CR00007,2025-01,10,0.0,UI/UX Design,Design,Free,Advanced,0.0,48.68,2.61,16.02247191011236,3.932584269662921,0.34269662921348315,10,0.0,0.0,6.0,0.0,2025-02,2,Free,Long,Developing,Senior
CR00007,2025-02,6,0.0,UI/UX Design,Design,Free,Advanced,0.0,48.68,2.61,16.02247191011236,3.932584269662921,0.34269662921348315,6,0.0,0.0,11.0,0.0,2025-03,3,Free,Long,Developing,Senior
CR00007,2025-03,11,0.0,UI/UX Design,Design,Free,Advanced,0.0,48.68,2.61,16.02247191011236,3.932584269662921,0.34269662921348315,11,0.0,0.0,20.0,0.0,2025-04,4,Free,Long,Developing,Senior
CR00007,2025-04,20,0.0,UI/UX Design,Design,Free,Advanced,0.0,48.68,2.61,16.02247191011236,3.932584269662921,0.34269662921348315,20,0.0,0.0,11.0,0.0,2025-05,5,Free,Long,Developing,Senior
CR00007,2025-05,11,0.0,UI/UX Design,Design,Free,Advanced,0.0,48.68,2.61,16.02247191011236,3.932584269662921,0.34269662921348315,11,0.0,0.0,20.0,0.0,2025-06,6,Free,Long,Developing,Senior
CR00007,2025-06,20,0.0,UI/UX Design,Design,Free,Advanced,0.0,48.68,2.61,16.02247191011236,3.932584269662921,0.34269662921348315,20,0.0,0.0,18.0,0.0,2025-07,7,Free,Long,Developing,Senior
CR00007,2025-07,18,0.0,UI/UX Design,Design,Free,Advanced,0.0,48.68,2.61,16.02247191011236,3.932584269662921,0.34269662921348315,18,0.0,0.0,13.0,0.0,2025-08,8,Free,Long,Developing,Senior
CR00007,2025-08,13,0.0,UI/UX Design,Design,Free,Advanced,0.0,48.68,2.61,16.02247191011236,3.932584269662921,0.34269662921348315,13,0.0,0.0,20.0,0.0,2025-09,9,Free,Long,Developing,Senior
CR00007,2025-09,20,0.0,UI/UX Design,Design,Free,Advanced,0.0,48.68,2.61,16.02247191011236,3.932584269662921,0.34269662921348315,20,0.0,0.0,18.0,0.0,2025-10,10,Free,Long,Developing,Senior
CR00007,2025-10,18,0.0,UI/UX Design,Design,Free,Advanced,0.0,48.68,2.61,16.02247191011236,3.932584269662921,0.34269662921348315,18,0.0,0.0,12.0,0.0,2025-11,11,Free,Long,Developing,Senior
CR00007,2025-11,12,0.0,UI/UX Design,Design,Free,Advanced,0.0,48.68,2.61,16.02247191011236,3.932584269662921,0.34269662921348315,12,0.0,0.0,19.0,0.0,2025-12,12,Free,Long,Developing,Senior
CR00008,2025-01,6,0.0,Photoshop Mastery,Design,Free,Advanced,0.0,2.87,1.52,16.329113924050635,3.999113924050633,0.3291139240506329,6,0.0,0.0,14.0,0.0,2025-02,2,Free,Short,Developing,Senior
CR00008,2025-02,14,0.0,Photoshop Mastery,Design,Free,Advanced,0.0,2.87,1.52,16.329113924050635,3.999113924050633,0.3291139240506329,14,0.0,0.0,12.0,0.0,2025-03,3,Free,Short,Developing,Senior
CR00008,2025-03,12,0.0,Photoshop Mastery,Design,Free,Advanced,0.0,2.87,1.52,16.329113924050635,3.999113924050633,0.3291139240506329,12,0.0,0.0,13.0,0.0,2025-04,4,Free,Short,Developing,Senior
CR00008,2025-04,13,0.0,Photoshop Mastery,Design,Free,Advanced,0.0,2.87,1.52,16.329113924050635,3.999113924050633,0.3291139240506329,13,0.0,0.0,15.0,0.0,2025-05,5,Free,Short,Developing,Senior
CR00008,2025-05,15,0.0,Photoshop Mastery,Design,Free,Advanced,0.0,2.87,1.52,16.329113924050635,3.999113924050633,0.3291139240506329,15,0.0,0.0,13.0,0.0,2025-06,6,Free,Short,Developing,Senior
CR00008,2025-06,13,0.0,Photoshop Mastery,Design,Free,Advanced,0.0,2.87,1.52,16.329113924050635,3.999113924050633,0.3291139240506329,13,0.0,0.0,17.0,0.0,2025-07,7,Free,Short,Developing,Senior
CR00008,2025-07,17,0.0,Photoshop Mastery,Design,Free,Advanced,0.0,2.87,1.52,16.329113924050635,3.999113924050633,0.3291139240506329,17,0.0,0.0,12.0,0.0,2025-08,8,Free,Short,Developing,Senior
CR00008,2025-08,12,0.0,Photoshop Mastery,Design,Free,Advanced,0.0,2.87,1.52,16.329113924050635,3.999113924050633,0.3291139240506329,12,0.0,0.0,12.0,0.0,2025-09,9,Free,Short,Developing,Senior
CR00008,2025-09,12,0.0,Photoshop Mastery,Design,Free,Advanced,0.0,2.87,1.52,16.329113924050635,3.999113924050633,0.3291139240506329,12,0.0,0.0,13.0,0.0,2025-10,10,Free,Short,Developing,Senior
CR00008,2025-10,13,0.0,Photoshop Mastery,Design,Free,Advanced,0.0,2.87,1.52,16.329113924050635,3.999113924050633,0.3291139240506329,13,0.0,0.0,17.0,0.0,2025-11,11,Free,Short,Developing,Senior
CR00008,2025-11,17,0.0,Photoshop Mastery,Design,Free,Advanced,0.0,2.87,1.52,16.329113924050635,3.999113924050633,0.3291139240506329,17,0.0,0.0,14.0,0.0,2025-12,12,Free,Short,Developing,Senior
CR00009,2025-01,10,0.0,Web Design Fundamentals,Design,Free,Beginner,0.0,48.19,4.51,15.387096774193548,3.9562580645161294,0.3548387096774194,10,0.0,0.0,18.0,0.0,2025-02,2,Free,Long,Excellent,Senior
CR00009,2025-02,18,0.0,Web Design Fundamentals,Design,Free,Beginner,0.0,48.19,4.51,15.387096774193548,3.9562580645161294,0.3548387096774194,18,0.0,0.0,12.0,0.0,2025-03,3,Free,Long,Excellent,Senior
CR00009,2025-03,12,0.0,Web Design Fundamentals,Design,Free,Beginner,0.0,48.19,4.51,15.387096774193548,3.9562580645161294,0.3548387096774194,12,0.0,0.0,10.0,0.0,2025-04,4,Free,Long,Excellent,Senior
CR00009,2025-04,10,0.0,Web Design Fundamentals,Design,Free,Beginner,0.0,48.19,4.51,15.387096774193548,3.9562580645161294,0.3548387096774194,10,0.0,0.0,11.0,0.0,2025-05,5,Free,Long,Excellent,Senior
CR00009,2025-05,11,0.0,Web Design Fundamentals,Design,Free,Beginner,0.0,48.19,4.51,15.387096774193548,3.9562580645161294,0.3548387096774194,11,0.0,0.0,17.0,0.0,2025-06,6,Free,Long,Excellent,Senior
CR00009,2025-06,17,0.0,Web Design Fundamentals,Design,Free,Beginner,0.0,48.19,4.51,15.387096774193548,3.9562580645161294,0.3548387096774194,17,0.0,0.0,17.0,0.0,2025-07,7,Free,Long,Excellent,Senior
CR00009,2025-07,17,0.0,Web Design Fundamentals,Design,Free,Beginner,0.0,48.19,4.51,15.387096774193548,3.9562580645161294,0.3548387096774194,17,0.0,0.0,15.0,0.0,2025-08,8,Free,Long,Excellent,Senior
CR00009,2025-08,15,0.0,Web Design Fundamentals,Design,Free,Beginner,0.0,48.19,4.51,15.387096774193548,3.9562580645161294,0.3548387096774194,15,0.0,0.0,11.0,0.0,2025-09,9,Free,Long,Excellent,Senior
CR00009,2025-09,11,0.0,Web Design Fundamentals,Design,Free,Beginner,0.0,48.19,4.51,15.387096774193548,3.9562580645161294,0.3548387096774194,11,0.0,0.0,12.0,0.0,2025-10,10,Free,Long,Excellent,Senior
CR00009,2025-10,12,0.0,Web Design Fundamentals,Design,Free,Beginner,0.0,48.19,4.51,15.387096774193548,3.9562580645161294,0.3548387096774194,12,0.0,0.0,6.0,0.0,2025-11,11,Free,Long,Excellent,Senior
CR00009,2025-11,6,0.0,Web Design Fundamentals,Design,Free,Beginner,0.0,48.19,4.51,15.387096774193548,3.9562580645161294,0.3548387096774194,6,0.0,0.0,16.0,0.0,2025-12,12,Free,Long,Excellent,Senior
CR00010,2025-01,12,0.0,3D Modeling,Design,Free,Advanced,0.0,15.29,4.45,16.05,3.997055555555556,0.32222222222222224,12,0.0,0.0,9.0,0.0,2025-02,2,Free,Short,Excellent,Senior
CR00010,2025-02,9,0.0,3D Modeling,Design,Free,Advanced,0.0,15.29,4.45,16.05,3.997055555555556,0.32222222222222224,9,0.0,0.0,13.0,0.0,2025-03,3,Free,Short,Excellent,Senior
CR00010,2025-03,13,0.0,3D Modeling,Design,Free,Advanced,0.0,15.29,4.45,16.05,3.997055555555556,0.32222222222222224,13,0.0,0.0,20.0,0.0,2025-04,4,Free,Short,Excellent,Senior
CR00010,2025-04,20,0.0,3D Modeling,Design,Free,Advanced,0.0,15.29,4.45,16.05,3.997055555555556,0.32222222222222224,20,0.0,0.0,14.0,0.0,2025-05,5,Free,Short,Excellent,Senior
CR00010,2025-05,14,0.0,3D Modeling,Design,Free,Advanced,0.0,15.29,4.45,16.05,3.997055555555556,0.32222222222222224,14,0.0,0.0,19.0,0.0,2025-06,6,Free,Short,Excellent,Senior
CR00010,2025-06,19,0.0,3D Modeling,Design,Free,Advanced,0.0,15.29,4.45,16.05,3.997055555555556,0.32222222222222224,19,0.0,0.0,17.0,0.0,2025-07,7,Free,Short,Excellent,Senior
CR00010,2025-07,17,0.0,3D Modeling,Design,Free,Advanced,0.0,15.29,4.45,16.05,3.997055555555556,0.32222222222222224,17,0.0,0.0,9.0,0.0,2025-08,8,Free,Short,Excellent,Senior
CR00010,2025-08,9,0.0,3D Modeling,Design,Free,Advanced,0.0,15.29,4.45,16.05,3.997055555555556,0.32222222222222224,9,0.0,0.0,17.0,0.0,2025-09,9,Free,Short,Excellent,Senior
CR00010,2025-09,17,0.0,3D Modeling,Design,Free,Advanced,0.0,15.29,4.45,16.05,3.997055555555556,0.32222222222222224,17,0.0,0.0,10.0,0.0,2025-10,10,Free,Short,Excellent,Senior
CR00010,2025-10,10,0.0,3D Modeling,Design,Free,Advanced,0.0,15.29,4.45,16.05,3.997055555555556,0.32222222222222224,10,0.0,0.0,23.0,0.0,2025-11,11,Free,Short,Excellent,Senior
CR00010,2025-11,23,0.0,3D Modeling,Design,Free,Advanced,0.0,15.29,4.45,16.05,3.997055555555556,0.32222222222222224,23,0.0,0.0,17.0,0.0,2025-12,12,Free,Short,Excellent,Senior
CR00011,2025-01,14,4564.28,Entrepreneurship 101,Business,Paid,Intermediate,326.02,11.31,2.69,16.52980132450331,3.9479470198675495,0.25165562913907286,14,4564.28,326.02,14.0,4564.28,2025-02,2,High,Short,Developing,Senior
CR00011,2025-02,14,4564.28,Entrepreneurship 101,Business,Paid,Intermediate,326.02,11.31,2.69,16.52980132450331,3.9479470198675495,0.25165562913907286,14,4564.28,326.02,9.0,2934.18,2025-03,3,High,Short,Developing,Senior
CR00011,2025-03,9,2934.18,Entrepreneurship 101,Business,Paid,Intermediate,326.02,11.31,2.69,16.52980132450331,3.9479470198675495,0.25165562913907286,9,4020.9133333333334,326.02,16.0,5216.32,2025-04,4,High,Short,Developing,Senior
CR00011,2025-04,16,5216.32,Entrepreneurship 101,Business,Paid,Intermediate,326.02,11.31,2.69,16.52980132450331,3.9479470198675495,0.25165562913907286,16,4319.764999999999,326.02,11.0,3586.22,2025-05,5,High,Short,Developing,Senior
CR00011,2025-05,11,3586.22,Entrepreneurship 101,Business,Paid,Intermediate,326.02,11.31,2.69,16.52980132450331,3.9479470198675495,0.25165562913907286,11,4173.056,326.02,11.0,3586.22,2025-06,6,High,Short,Developing,Senior
CR00011,2025-06,11,3586.22,Entrepreneurship 101,Business,Paid,Intermediate,326.02,11.31,2.69,16.52980132450331,3.9479470198675495,0.25165562913907286,11,4075.25,326.02,18.0,5868.36,2025-07,7,High,Short,Developing,Senior
CR00011,2025-07,18,5868.36,Entrepreneurship 101,Business,Paid,Intermediate,326.02,11.31,2.69,16.52980132450331,3.9479470198675495,0.25165562913907286,18,4331.408571428571,326.02,6.0,1956.12,2025-08,8,High,Short,Developing,Senior
CR00011,2025-08,6,1956.12,Entrepreneurship 101,Business,Paid,Intermediate,326.02,11.31,2.69,16.52980132450331,3.9479470198675495,0.25165562913907286,6,4034.4975,326.02,12.0,3912.24,2025-09,9,High,Short,Developing,Senior
CR00011,2025-09,12,3912.24,Entrepreneurship 101,Business,Paid,Intermediate,326.02,11.31,2.69,16.52980132450331,3.9479470198675495,0.25165562913907286,12,4020.9133333333334,326.02,16.0,5216.32,2025-10,10,High,Short,Developing,Senior
CR00011,2025-10,16,5216.32,Entrepreneurship 101,Business,Paid,Intermediate,326.02,11.31,2.69,16.52980132450331,3.9479470198675495,0.25165562913907286,16,4140.454,326.02,12.0,3912.24,2025-11,11,High,Short,Developing,Senior
CR00011,2025-11,12,3912.24,Entrepreneurship 101,Business,Paid,Intermediate,326.02,11.31,2.69,16.52980132450331,3.9479470198675495,0.25165562913907286,12,4119.7072727272725,326.02,12.0,3912.24,2025-12,12,High,Short,Developing,Senior
CR00012,2025-01,20,9758.4,Business Strategy,Business,Paid,Advanced,487.92,36.01,3.64,16.052023121387283,3.9091907514450863,0.2658959537572254,20,9758.4,487.91999999999996,10.0,4879.2,2025-02,2,High,Medium,Good,Senior
CR00012,2025-02,10,4879.2,Business Strategy,Business,Paid,Advanced,487.92,36.01,3.64,16.052023121387283,3.9091907514450863,0.2658959537572254,10,7318.799999999999,487.91999999999996,21.0,10246.32,2025-03,3,High,Medium,Good,Senior
CR00012,2025-03,21,10246.32,Business Strategy,Business,Paid,Advanced,487.92,36.01,3.64,16.052023121387283,3.9091907514450863,0.2658959537572254,21,8294.64,487.91999999999996,15.0,7318.8,2025-04,4,High,Medium,Good,Senior
CR00012,2025-04,15,7318.8,Business Strategy,Business,Paid,Advanced,487.92,36.01,3.64,16.052023121387283,3.9091907514450863,0.2658959537572254,15,8050.679999999999,487.92,6.0,2927.52,2025-05,5,High,Medium,Good,Senior
CR00012,2025-05,6,2927.52,Business Strategy,Business,Paid,Advanced,487.92,36.01,3.64,16.052023121387283,3.9091907514450863,0.2658959537572254,6,7026.048,487.92,14.0,6830.88,2025-06,6,High,Medium,Good,Senior
CR00012,2025-06,14,6830.88,Business Strategy,Business,Paid,Advanced,487.92,36.01,3.64,16.052023121387283,3.9091907514450863,0.2658959537572254,14,6993.5199999999995,487.92,18.0,8782.56,2025-07,7,High,Medium,Good,Senior
CR00012,2025-07,18,8782.56,Business Strategy,Business,Paid,Advanced,487.92,36.01,3.64,16.052023121387283,3.9091907514450863,0.2658959537572254,18,7249.097142857143,487.91999999999996,11.0,5367.12,2025-08,8,High,Medium,Good,Senior
CR00012,2025-08,11,5367.12,Business Strategy,Business,Paid,Advanced,487.92,36.01,3.64,16.052023121387283,3.9091907514450863,0.2658959537572254,11,7013.849999999999,487.92,15.0,7318.8,2025-09,9,High,Medium,Good,Senior
CR00012,2025-09,15,7318.8,Business Strategy,Business,Paid,Advanced,487.92,36.01,3.64,16.052023121387283,3.9091907514450863,0.2658959537572254,15,7047.733333333334,487.92,20.0,9758.4,2025-10,10,High,Medium,Good,Senior
CR00012,2025-10,20,9758.4,Business Strategy,Business,Paid,Advanced,487.92,36.01,3.64,16.052023121387283,3.9091907514450863,0.2658959537572254,20,7318.8,487.91999999999996,11.0,5367.12,2025-11,11,High,Medium,Good,Senior
CR00012,2025-11,11,5367.12,Business Strategy,Business,Paid,Advanced,487.92,36.01,3.64,16.052023121387283,3.9091907514450863,0.2658959537572254,11,7141.374545454545,487.92,12.0,5855.04,2025-12,12,High,Medium,Good,Senior
CR00013,2025-01,20,0.0,Finance for Startups,Business,Free,Advanced,0.0,15.84,2.0,15.935294117647059,3.8742941176470587,0.27647058823529413,20,0.0,0.0,12.0,0.0,2025-02,2,Free,Short,Developing,Senior
CR00013,2025-02,12,0.0,Finance for Startups,Business,Free,Advanced,0.0,15.84,2.0,15.935294117647059,3.8742941176470587,0.27647058823529413,12,0.0,0.0,23.0,0.0,2025-03,3,Free,Short,Developing,Senior
CR00013,2025-03,23,0.0,Finance for Startups,Business,Free,Advanced,0.0,15.84,2.0,15.935294117647059,3.8742941176470587,0.27647058823529413,23,0.0,0.0,18.0,0.0,2025-04,4,Free,Short,Developing,Senior
CR00013,2025-04,18,0.0,Finance for Startups,Business,Free,Advanced,0.0,15.84,2.0,15.935294117647059,3.8742941176470587,0.27647058823529413,18,0.0,0.0,10.0,0.0,2025-05,5,Free,Short,Developing,Senior
CR00013,2025-05,10,0.0,Finance for Startups,Business,Free,Advanced,0.0,15.84,2.0,15.935294117647059,3.8742941176470587,0.27647058823529413,10,0.0,0.0,13.0,0.0,2025-06,6,Free,Short,Developing,Senior
CR00013,2025-06,13,0.0,Finance for Startups,Business,Free,Advanced,0.0,15.84,2.0,15.935294117647059,3.8742941176470587,0.27647058823529413,13,0.0,0.0,14.0,0.0,2025-07,7,Free,Short,Developing,Senior
CR00013,2025-07,14,0.0,Finance for Startups,Business,Free,Advanced,0.0,15.84,2.0,15.935294117647059,3.8742941176470587,0.27647058823529413,14,0.0,0.0,12.0,0.0,2025-08,8,Free,Short,Developing,Senior
CR00013,2025-08,12,0.0,Finance for Startups,Business,Free,Advanced,0.0,15.84,2.0,15.935294117647059,3.8742941176470587,0.27647058823529413,12,0.0,0.0,9.0,0.0,2025-09,9,Free,Short,Developing,Senior
CR00013,2025-09,9,0.0,Finance for Startups,Business,Free,Advanced,0.0,15.84,2.0,15.935294117647059,3.8742941176470587,0.27647058823529413,9,0.0,0.0,10.0,0.0,2025-10,10,Free,Short,Developing,Senior
CR00013,2025-10,10,0.0,Finance for Startups,Business,Free,Advanced,0.0,15.84,2.0,15.935294117647059,3.8742941176470587,0.27647058823529413,10,0.0,0.0,14.0,0.0,2025-11,11,Free,Short,Developing,Senior
CR00013,2025-11,14,0.0,Finance for Startups,Business,Free,Advanced,0.0,15.84,2.0,15.935294117647059,3.8742941176470587,0.27647058823529413,14,0.0,0.0,15.0,0.0,2025-12,12,Free,Short,Developing,Senior
CR00014,2025-01,15,0.0,Sales Mastery,Business,Free,Advanced,0.0,22.29,3.15,15.695906432748538,3.769298245614035,0.2982456140350877,15,0.0,0.0,14.0,0.0,2025-02,2,Free,Medium,Good,Senior
CR00014,2025-02,14,0.0,Sales Mastery,Business,Free,Advanced,0.0,22.29,3.15,15.695906432748538,3.769298245614035,0.2982456140350877,14,0.0,0.0,17.0,0.0,2025-03,3,Free,Medium,Good,Senior
CR00014,2025-03,17,0.0,Sales Mastery,Business,Free,Advanced,0.0,22.29,3.15,15.695906432748538,3.769298245614035,0.2982456140350877,17,0.0,0.0,12.0,0.0,2025-04,4,Free,Medium,Good,Senior
CR00014,2025-04,12,0.0,Sales Mastery,Business,Free,Advanced,0.0,22.29,3.15,15.695906432748538,3.769298245614035,0.2982456140350877,12,0.0,0.0,14.0,0.0,2025-05,5,Free,Medium,Good,Senior
CR00014,2025-05,14,0.0,Sales Mastery,Business,Free,Advanced,0.0,22.29,3.15,15.695906432748538,3.769298245614035,0.2982456140350877,14,0.0,0.0,15.0,0.0,2025-06,6,Free,Medium,Good,Senior
CR00014,2025-06,15,0.0,Sales Mastery,Business,Free,Advanced,0.0,22.29,3.15,15.695906432748538,3.769298245614035,0.2982456140350877,15,0.0,0.0,8.0,0.0,2025-07,7,Free,Medium,Good,Senior
CR00014,2025-07,8,0.0,Sales Mastery,Business,Free,Advanced,0.0,22.29,3.15,15.695906432748538,3.769298245614035,0.2982456140350877,8,0.0,0.0,14.0,0.0,2025-08,8,Free,Medium,Good,Senior
CR00014,2025-08,14,0.0,Sales Mastery,Business,Free,Advanced,0.0,22.29,3.15,15.695906432748538,3.769298245614035,0.2982456140350877,14,0.0,0.0,18.0,0.0,2025-09,9,Free,Medium,Good,Senior
CR00014,2025-09,18,0.0,Sales Mastery,Business,Free,Advanced,0.0,22.29,3.15,15.695906432748538,3.769298245614035,0.2982456140350877,18,0.0,0.0,16.0,0.0,2025-10,10,Free,Medium,Good,Senior
CR00014,2025-10,16,0.0,Sales Mastery,Business,Free,Advanced,0.0,22.29,3.15,15.695906432748538,3.769298245614035,0.2982456140350877,16,0.0,0.0,21.0,0.0,2025-11,11,Free,Medium,Good,Senior
CR00014,2025-11,21,0.0,Sales Mastery,Business,Free,Advanced,0.0,22.29,3.15,15.695906432748538,3.769298245614035,0.2982456140350877,21,0.0,0.0,7.0,0.0,2025-12,12,Free,Medium,Good,Senior
CR00015,2025-01,13,3705.65,Leadership Essentials,Business,Paid,Beginner,285.05,34.78,1.96,16.708333333333332,4.0042857142857144,0.23214285714285715,13,3705.65,285.05,11.0,3135.55,2025-02,2,High,Medium,Developing,Senior
CR00015,2025-02,11,3135.55,Leadership Essentials,Business,Paid,Beginner,285.05,34.78,1.96,16.708333333333332,4.0042857142857144,0.23214285714285715,11,3420.6000000000004,285.05,11.0,3135.55,2025-03,3,High,Medium,Developing,Senior
CR00015,2025-03,11,3135.55,Leadership Essentials,Business,Paid,Beginner,285.05,34.78,1.96,16.708333333333332,4.0042857142857144,0.23214285714285715,11,3325.5833333333335,285.05,16.0,4560.8,2025-04,4,High,Medium,Developing,Senior
CR00015,2025-04,16,4560.8,Leadership Essentials,Business,Paid,Beginner,285.05,34.78,1.96,16.708333333333332,4.0042857142857144,0.23214285714285715,16,3634.3875000000003,285.05,14.0,3990.7000000000003,2025-05,5,High,Medium,Developing,Senior
CR00015,2025-05,14,3990.7000000000003,Leadership Essentials,Business,Paid,Beginner,285.05,34.78,1.96,16.708333333333332,4.0042857142857144,0.23214285714285715,14,3705.65,285.05,19.0,5415.95,2025-06,6,High,Medium,Developing,Senior
CR00015,2025-06,19,5415.95,Leadership Essentials,Business,Paid,Beginner,285.05,34.78,1.96,16.708333333333332,4.0042857142857144,0.23214285714285715,19,3990.7000000000003,285.05,13.0,3705.65,2025-07,7,High,Medium,Developing,Senior
CR00015,2025-07,13,3705.65,Leadership Essentials,Business,Paid,Beginner,285.05,34.78,1.96,16.708333333333332,4.0042857142857144,0.23214285714285715,13,3949.9785714285717,285.05,10.0,2850.5,2025-08,8,High,Medium,Developing,Senior
CR00015,2025-08,10,2850.5,Leadership Essentials,Business,Paid,Beginner,285.05,34.78,1.96,16.708333333333332,4.0042857142857144,0.23214285714285715,10,3812.5437500000003,285.05,18.0,5130.900000000001,2025-09,9,High,Medium,Developing,Senior
CR00015,2025-09,18,5130.900000000001,Leadership Essentials,Business,Paid,Beginner,285.05,34.78,1.96,16.708333333333332,4.0042857142857144,0.23214285714285715,18,3959.027777777778,285.05,13.0,3705.65,2025-10,10,High,Medium,Developing,Senior
CR00015,2025-10,13,3705.65,Leadership Essentials,Business,Paid,Beginner,285.05,34.78,1.96,16.708333333333332,4.0042857142857144,0.23214285714285715,13,3933.69,285.05,13.0,3705.65,2025-11,11,High,Medium,Developing,Senior
CR00015,2025-11,13,3705.65,Leadership Essentials,Business,Paid,Beginner,285.05,34.78,1.96,16.708333333333332,4.0042857142857144,0.23214285714285715,13,3912.959090909091,285.05,17.0,4845.85,2025-12,12,High,Medium,Developing,Senior
CR00016,2025-01,13,0.0,Digital Marketing,Marketing,Free,Intermediate,0.0,42.68,4.72,16.372549019607842,4.160065359477124,0.10457516339869281,13,0.0,0.0,15.0,0.0,2025-02,2,Free,Long,Excellent,Senior
CR00016,2025-02,15,0.0,Digital Marketing,Marketing,Free,Intermediate,0.0,42.68,4.72,16.372549019607842,4.160065359477124,0.10457516339869281,15,0.0,0.0,9.0,0.0,2025-03,3,Free,Long,Excellent,Senior
CR00016,2025-03,9,0.0,Digital Marketing,Marketing,Free,Intermediate,0.0,42.68,4.72,16.372549019607842,4.160065359477124,0.10457516339869281,9,0.0,0.0,9.0,0.0,2025-04,4,Free,Long,Excellent,Senior
CR00016,2025-04,9,0.0,Digital Marketing,Marketing,Free,Intermediate,0.0,42.68,4.72,16.372549019607842,4.160065359477124,0.10457516339869281,9,0.0,0.0,7.0,0.0,2025-05,5,Free,Long,Excellent,Senior
CR00016,2025-05,7,0.0,Digital Marketing,Marketing,Free,Intermediate,0.0,42.68,4.72,16.372549019607842,4.160065359477124,0.10457516339869281,7,0.0,0.0,11.0,0.0,2025-06,6,Free,Long,Excellent,Senior
CR00016,2025-06,11,0.0,Digital Marketing,Marketing,Free,Intermediate,0.0,42.68,4.72,16.372549019607842,4.160065359477124,0.10457516339869281,11,0.0,0.0,15.0,0.0,2025-07,7,Free,Long,Excellent,Senior
CR00016,2025-07,15,0.0,Digital Marketing,Marketing,Free,Intermediate,0.0,42.68,4.72,16.372549019607842,4.160065359477124,0.10457516339869281,15,0.0,0.0,16.0,0.0,2025-08,8,Free,Long,Excellent,Senior
CR00016,2025-08,16,0.0,Digital Marketing,Marketing,Free,Intermediate,0.0,42.68,4.72,16.372549019607842,4.160065359477124,0.10457516339869281,16,0.0,0.0,14.0,0.0,2025-09,9,Free,Long,Excellent,Senior
CR00016,2025-09,14,0.0,Digital Marketing,Marketing,Free,Intermediate,0.0,42.68,4.72,16.372549019607842,4.160065359477124,0.10457516339869281,14,0.0,0.0,15.0,0.0,2025-10,10,Free,Long,Excellent,Senior
CR00016,2025-10,15,0.0,Digital Marketing,Marketing,Free,Intermediate,0.0,42.68,4.72,16.372549019607842,4.160065359477124,0.10457516339869281,15,0.0,0.0,21.0,0.0,2025-11,11,Free,Long,Excellent,Senior
CR00016,2025-11,21,0.0,Digital Marketing,Marketing,Free,Intermediate,0.0,42.68,4.72,16.372549019607842,4.160065359477124,0.10457516339869281,21,0.0,0.0,8.0,0.0,2025-12,12,Free,Long,Excellent,Senior
CR00017,2025-01,15,0.0,SEO Mastery,Marketing,Free,Advanced,0.0,29.37,4.79,16.0126582278481,4.193291139240506,0.16455696202531644,15,0.0,0.0,17.0,0.0,2025-02,2,Free,Medium,Excellent,Senior
CR00017,2025-02,17,0.0,SEO Mastery,Marketing,Free,Advanced,0.0,29.37,4.79,16.0126582278481,4.193291139240506,0.16455696202531644,17,0.0,0.0,11.0,0.0,2025-03,3,Free,Medium,Excellent,Senior
CR00017,2025-03,11,0.0,SEO Mastery,Marketing,Free,Advanced,0.0,29.37,4.79,16.0126582278481,4.193291139240506,0.16455696202531644,11,0.0,0.0,11.0,0.0,2025-04,4,Free,Medium,Excellent,Senior
CR00017,2025-04,11,0.0,SEO Mastery,Marketing,Free,Advanced,0.0,29.37,4.79,16.0126582278481,4.193291139240506,0.16455696202531644,11,0.0,0.0,7.0,0.0,2025-05,5,Free,Medium,Excellent,Senior
CR00017,2025-05,7,0.0,SEO Mastery,Marketing,Free,Advanced,0.0,29.37,4.79,16.0126582278481,4.193291139240506,0.16455696202531644,7,0.0,0.0,16.0,0.0,2025-06,6,Free,Medium,Excellent,Senior
CR00017,2025-06,16,0.0,SEO Mastery,Marketing,Free,Advanced,0.0,29.37,4.79,16.0126582278481,4.193291139240506,0.16455696202531644,16,0.0,0.0,8.0,0.0,2025-07,7,Free,Medium,Excellent,Senior
CR00017,2025-07,8,0.0,SEO Mastery,Marketing,Free,Advanced,0.0,29.37,4.79,16.0126582278481,4.193291139240506,0.16455696202531644,8,0.0,0.0,18.0,0.0,2025-08,8,Free,Medium,Excellent,Senior
CR00017,2025-08,18,0.0,SEO Mastery,Marketing,Free,Advanced,0.0,29.37,4.79,16.0126582278481,4.193291139240506,0.16455696202531644,18,0.0,0.0,18.0,0.0,2025-09,9,Free,Medium,Excellent,Senior
CR00017,2025-09,18,0.0,SEO Mastery,Marketing,Free,Advanced,0.0,29.37,4.79,16.0126582278481,4.193291139240506,0.16455696202531644,18,0.0,0.0,10.0,0.0,2025-10,10,Free,Medium,Excellent,Senior
CR00017,2025-10,10,0.0,SEO Mastery,Marketing,Free,Advanced,0.0,29.37,4.79,16.0126582278481,4.193291139240506,0.16455696202531644,10,0.0,0.0,14.0,0.0,2025-11,11,Free,Medium,Excellent,Senior
CR00017,2025-11,14,0.0,SEO Mastery,Marketing,Free,Advanced,0.0,29.37,4.79,16.0126582278481,4.193291139240506,0.16455696202531644,14,0.0,0.0,13.0,0.0,2025-12,12,Free,Medium,Excellent,Senior
CR00018,2025-01,12,0.0,Social Media Marketing,Marketing,Free,Advanced,0.0,15.44,2.01,16.533742331288344,4.198159509202454,0.12883435582822086,12,0.0,0.0,8.0,0.0,2025-02,2,Free,Short,Developing,Senior
CR00018,2025-02,8,0.0,Social Media Marketing,Marketing,Free,Advanced,0.0,15.44,2.01,16.533742331288344,4.198159509202454,0.12883435582822086,8,0.0,0.0,12.0,0.0,2025-03,3,Free,Short,Developing,Senior
CR00018,2025-03,12,0.0,Social Media Marketing,Marketing,Free,Advanced,0.0,15.44,2.01,16.533742331288344,4.198159509202454,0.12883435582822086,12,0.0,0.0,17.0,0.0,2025-04,4,Free,Short,Developing,Senior
CR00018,2025-04,17,0.0,Social Media Marketing,Marketing,Free,Advanced,0.0,15.44,2.01,16.533742331288344,4.198159509202454,0.12883435582822086,17,0.0,0.0,15.0,0.0,2025-05,5,Free,Short,Developing,Senior
CR00018,2025-05,15,0.0,Social Media Marketing,Marketing,Free,Advanced,0.0,15.44,2.01,16.533742331288344,4.198159509202454,0.12883435582822086,15,0.0,0.0,17.0,0.0,2025-06,6,Free,Short,Developing,Senior
CR00018,2025-06,17,0.0,Social Media Marketing,Marketing,Free,Advanced,0.0,15.44,2.01,16.533742331288344,4.198159509202454,0.12883435582822086,17,0.0,0.0,13.0,0.0,2025-07,7,Free,Short,Developing,Senior
CR00018,2025-07,13,0.0,Social Media Marketing,Marketing,Free,Advanced,0.0,15.44,2.01,16.533742331288344,4.198159509202454,0.12883435582822086,13,0.0,0.0,16.0,0.0,2025-08,8,Free,Short,Developing,Senior
CR00018,2025-08,16,0.0,Social Media Marketing,Marketing,Free,Advanced,0.0,15.44,2.01,16.533742331288344,4.198159509202454,0.12883435582822086,16,0.0,0.0,13.0,0.0,2025-09,9,Free,Short,Developing,Senior
CR00018,2025-09,13,0.0,Social Media Marketing,Marketing,Free,Advanced,0.0,15.44,2.01,16.533742331288344,4.198159509202454,0.12883435582822086,13,0.0,0.0,15.0,0.0,2025-10,10,Free,Short,Developing,Senior
CR00018,2025-10,15,0.0,Social Media Marketing,Marketing,Free,Advanced,0.0,15.44,2.01,16.533742331288344,4.198159509202454,0.12883435582822086,15,0.0,0.0,14.0,0.0,2025-11,11,Free,Short,Developing,Senior
CR00018,2025-11,14,0.0,Social Media Marketing,Marketing,Free,Advanced,0.0,15.44,2.01,16.533742331288344,4.198159509202454,0.12883435582822086,14,0.0,0.0,11.0,0.0,2025-12,12,Free,Short,Developing,Senior
CR00019,2025-01,15,0.0,Content Marketing,Marketing,Free,Advanced,0.0,18.0,2.98,16.497175141242938,4.2006214689265535,0.14124293785310735,15,0.0,0.0,9.0,0.0,2025-02,2,Free,Short,Developing,Senior
CR00019,2025-02,9,0.0,Content Marketing,Marketing,Free,Advanced,0.0,18.0,2.98,16.497175141242938,4.2006214689265535,0.14124293785310735,9,0.0,0.0,15.0,0.0,2025-03,3,Free,Short,Developing,Senior
CR00019,2025-03,15,0.0,Content Marketing,Marketing,Free,Advanced,0.0,18.0,2.98,16.497175141242938,4.2006214689265535,0.14124293785310735,15,0.0,0.0,13.0,0.0,2025-04,4,Free,Short,Developing,Senior
CR00019,2025-04,13,0.0,Content Marketing,Marketing,Free,Advanced,0.0,18.0,2.98,16.497175141242938,4.2006214689265535,0.14124293785310735,13,0.0,0.0,20.0,0.0,2025-05,5,Free,Short,Developing,Senior
CR00019,2025-05,20,0.0,Content Marketing,Marketing,Free,Advanced,0.0,18.0,2.98,16.497175141242938,4.2006214689265535,0.14124293785310735,20,0.0,0.0,20.0,0.0,2025-06,6,Free,Short,Developing,Senior
CR00019,2025-06,20,0.0,Content Marketing,Marketing,Free,Advanced,0.0,18.0,2.98,16.497175141242938,4.2006214689265535,0.14124293785310735,20,0.0,0.0,15.0,0.0,2025-07,7,Free,Short,Developing,Senior
CR00019,2025-07,15,0.0,Content Marketing,Marketing,Free,Advanced,0.0,18.0,2.98,16.497175141242938,4.2006214689265535,0.14124293785310735,15,0.0,0.0,12.0,0.0,2025-08,8,Free,Short,Developing,Senior
CR00019,2025-08,12,0.0,Content Marketing,Marketing,Free,Advanced,0.0,18.0,2.98,16.497175141242938,4.2006214689265535,0.14124293785310735,12,0.0,0.0,14.0,0.0,2025-09,9,Free,Short,Developing,Senior
CR00019,2025-09,14,0.0,Content Marketing,Marketing,Free,Advanced,0.0,18.0,2.98,16.497175141242938,4.2006214689265535,0.14124293785310735,14,0.0,0.0,13.0,0.0,2025-10,10,Free,Short,Developing,Senior
CR00019,2025-10,13,0.0,Content Marketing,Marketing,Free,Advanced,0.0,18.0,2.98,16.497175141242938,4.2006214689265535,0.14124293785310735,13,0.0,0.0,16.0,0.0,2025-11,11,Free,Short,Developing,Senior
CR00019,2025-11,16,0.0,Content Marketing,Marketing,Free,Advanced,0.0,18.0,2.98,16.497175141242938,4.2006214689265535,0.14124293785310735,16,0.0,0.0,15.0,0.0,2025-12,12,Free,Short,Developing,Senior
CR00020,2025-01,13,0.0,Email Marketing,Marketing,Free,Intermediate,0.0,46.25,4.11,16.16774193548387,4.090258064516129,0.14838709677419354,13,0.0,0.0,10.0,0.0,2025-02,2,Free,Long,Excellent,Senior
CR00020,2025-02,10,0.0,Email Marketing,Marketing,Free,Intermediate,0.0,46.25,4.11,16.16774193548387,4.090258064516129,0.14838709677419354,10,0.0,0.0,13.0,0.0,2025-03,3,Free,Long,Excellent,Senior
CR00020,2025-03,13,0.0,Email Marketing,Marketing,Free,Intermediate,0.0,46.25,4.11,16.16774193548387,4.090258064516129,0.14838709677419354,13,0.0,0.0,8.0,0.0,2025-04,4,Free,Long,Excellent,Senior
CR00020,2025-04,8,0.0,Email Marketing,Marketing,Free,Intermediate,0.0,46.25,4.11,16.16774193548387,4.090258064516129,0.14838709677419354,8,0.0,0.0,11.0,0.0,2025-05,5,Free,Long,Excellent,Senior
CR00020,2025-05,11,0.0,Email Marketing,Marketing,Free,Intermediate,0.0,46.25,4.11,16.16774193548387,4.090258064516129,0.14838709677419354,11,0.0,0.0,20.0,0.0,2025-06,6,Free,Long,Excellent,Senior
CR00020,2025-06,20,0.0,Email Marketing,Marketing,Free,Intermediate,0.0,46.25,4.11,16.16774193548387,4.090258064516129,0.14838709677419354,20,0.0,0.0,9.0,0.0,2025-07,7,Free,Long,Excellent,Senior
CR00020,2025-07,9,0.0,Email Marketing,Marketing,Free,Intermediate,0.0,46.25,4.11,16.16774193548387,4.090258064516129,0.14838709677419354,9,0.0,0.0,14.0,0.0,2025-08,8,Free,Long,Excellent,Senior
CR00020,2025-08,14,0.0,Email Marketing,Marketing,Free,Intermediate,0.0,46.25,4.11,16.16774193548387,4.090258064516129,0.14838709677419354,14,0.0,0.0,15.0,0.0,2025-09,9,Free,Long,Excellent,Senior
CR00020,2025-09,15,0.0,Email Marketing,Marketing,Free,Intermediate,0.0,46.25,4.11,16.16774193548387,4.090258064516129,0.14838709677419354,15,0.0,0.0,13.0,0.0,2025-10,10,Free,Long,Excellent,Senior
CR00020,2025-10,13,0.0,Email Marketing,Marketing,Free,Intermediate,0.0,46.25,4.11,16.16774193548387,4.090258064516129,0.14838709677419354,13,0.0,0.0,16.0,0.0,2025-11,11,Free,Long,Excellent,Senior
CR00020,2025-11,16,0.0,Email Marketing,Marketing,Free,Intermediate,0.0,46.25,4.11,16.16774193548387,4.090258064516129,0.14838709677419354,16,0.0,0.0,13.0,0.0,2025-12,12,Free,Long,Excellent,Senior
CR00021,2025-01,17,0.0,Data Analysis with Python,Data Science,Free,Intermediate,0.0,1.2,3.6,17.168367346938776,4.152448979591837,0.37755102040816324,17,0.0,0.0,8.0,0.0,2025-02,2,Free,Short,Good,Senior
CR00021,2025-02,8,0.0,Data Analysis with Python,Data Science,Free,Intermediate,0.0,1.2,3.6,17.168367346938776,4.152448979591837,0.37755102040816324,8,0.0,0.0,18.0,0.0,2025-03,3,Free,Short,Good,Senior
CR00021,2025-03,18,0.0,Data Analysis with Python,Data Science,Free,Intermediate,0.0,1.2,3.6,17.168367346938776,4.152448979591837,0.37755102040816324,18,0.0,0.0,17.0,0.0,2025-04,4,Free,Short,Good,Senior
CR00021,2025-04,17,0.0,Data Analysis with Python,Data Science,Free,Intermediate,0.0,1.2,3.6,17.168367346938776,4.152448979591837,0.37755102040816324,17,0.0,0.0,18.0,0.0,2025-05,5,Free,Short,Good,Senior
CR00021,2025-05,18,0.0,Data Analysis with Python,Data Science,Free,Intermediate,0.0,1.2,3.6,17.168367346938776,4.152448979591837,0.37755102040816324,18,0.0,0.0,9.0,0.0,2025-06,6,Free,Short,Good,Senior
CR00021,2025-06,9,0.0,Data Analysis with Python,Data Science,Free,Intermediate,0.0,1.2,3.6,17.168367346938776,4.152448979591837,0.37755102040816324,9,0.0,0.0,23.0,0.0,2025-07,7,Free,Short,Good,Senior
CR00021,2025-07,23,0.0,Data Analysis with Python,Data Science,Free,Intermediate,0.0,1.2,3.6,17.168367346938776,4.152448979591837,0.37755102040816324,23,0.0,0.0,18.0,0.0,2025-08,8,Free,Short,Good,Senior
CR00021,2025-08,18,0.0,Data Analysis with Python,Data Science,Free,Intermediate,0.0,1.2,3.6,17.168367346938776,4.152448979591837,0.37755102040816324,18,0.0,0.0,19.0,0.0,2025-09,9,Free,Short,Good,Senior
CR00021,2025-09,19,0.0,Data Analysis with Python,Data Science,Free,Intermediate,0.0,1.2,3.6,17.168367346938776,4.152448979591837,0.37755102040816324,19,0.0,0.0,12.0,0.0,2025-10,10,Free,Short,Good,Senior
CR00021,2025-10,12,0.0,Data Analysis with Python,Data Science,Free,Intermediate,0.0,1.2,3.6,17.168367346938776,4.152448979591837,0.37755102040816324,12,0.0,0.0,17.0,0.0,2025-11,11,Free,Short,Good,Senior
CR00021,2025-11,17,0.0,Data Analysis with Python,Data Science,Free,Intermediate,0.0,1.2,3.6,17.168367346938776,4.152448979591837,0.37755102040816324,17,0.0,0.0,20.0,0.0,2025-12,12,Free,Short,Good,Senior
CR00022,2025-01,19,0.0,Data Visualization,Data Science,Free,Beginner,0.0,32.64,3.65,17.305084745762713,4.157627118644068,0.3446327683615819,19,0.0,0.0,17.0,0.0,2025-02,2,Free,Medium,Good,Senior
CR00022,2025-02,17,0.0,Data Visualization,Data Science,Free,Beginner,0.0,32.64,3.65,17.305084745762713,4.157627118644068,0.3446327683615819,17,0.0,0.0,18.0,0.0,2025-03,3,Free,Medium,Good,Senior
CR00022,2025-03,18,0.0,Data Visualization,Data Science,Free,Beginner,0.0,32.64,3.65,17.305084745762713,4.157627118644068,0.3446327683615819,18,0.0,0.0,11.0,0.0,2025-04,4,Free,Medium,Good,Senior
CR00022,2025-04,11,0.0,Data Visualization,Data Science,Free,Beginner,0.0,32.64,3.65,17.305084745762713,4.157627118644068,0.3446327683615819,11,0.0,0.0,13.0,0.0,2025-05,5,Free,Medium,Good,Senior
CR00022,2025-05,13,0.0,Data Visualization,Data Science,Free,Beginner,0.0,32.64,3.65,17.305084745762713,4.157627118644068,0.3446327683615819,13,0.0,0.0,14.0,0.0,2025-06,6,Free,Medium,Good,Senior
CR00022,2025-06,14,0.0,Data Visualization,Data Science,Free,Beginner,0.0,32.64,3.65,17.305084745762713,4.157627118644068,0.3446327683615819,14,0.0,0.0,11.0,0.0,2025-07,7,Free,Medium,Good,Senior
CR00022,2025-07,11,0.0,Data Visualization,Data Science,Free,Beginner,0.0,32.64,3.65,17.305084745762713,4.157627118644068,0.3446327683615819,11,0.0,0.0,15.0,0.0,2025-08,8,Free,Medium,Good,Senior
CR00022,2025-08,15,0.0,Data Visualization,Data Science,Free,Beginner,0.0,32.64,3.65,17.305084745762713,4.157627118644068,0.3446327683615819,15,0.0,0.0,18.0,0.0,2025-09,9,Free,Medium,Good,Senior
CR00022,2025-09,18,0.0,Data Visualization,Data Science,Free,Beginner,0.0,32.64,3.65,17.305084745762713,4.157627118644068,0.3446327683615819,18,0.0,0.0,15.0,0.0,2025-10,10,Free,Medium,Good,Senior
CR00022,2025-10,15,0.0,Data Visualization,Data Science,Free,Beginner,0.0,32.64,3.65,17.305084745762713,4.157627118644068,0.3446327683615819,15,0.0,0.0,12.0,0.0,2025-11,11,Free,Medium,Good,Senior
CR00022,2025-11,12,0.0,Data Visualization,Data Science,Free,Beginner,0.0,32.64,3.65,17.305084745762713,4.157627118644068,0.3446327683615819,12,0.0,0.0,14.0,0.0,2025-12,12,Free,Medium,Good,Senior
CR00023,2025-01,15,0.0,Machine Learning Fundamentals,Data Science,Free,Intermediate,0.0,9.71,3.02,16.194594594594594,4.0725945945945945,0.3945945945945946,15,0.0,0.0,18.0,0.0,2025-02,2,Free,Short,Good,Senior
CR00023,2025-02,18,0.0,Machine Learning Fundamentals,Data Science,Free,Intermediate,0.0,9.71,3.02,16.194594594594594,4.0725945945945945,0.3945945945945946,18,0.0,0.0,15.0,0.0,2025-03,3,Free,Short,Good,Senior
CR00023,2025-03,15,0.0,Machine Learning Fundamentals,Data Science,Free,Intermediate,0.0,9.71,3.02,16.194594594594594,4.0725945945945945,0.3945945945945946,15,0.0,0.0,18.0,0.0,2025-04,4,Free,Short,Good,Senior
CR00023,2025-04,18,0.0,Machine Learning Fundamentals,Data Science,Free,Intermediate,0.0,9.71,3.02,16.194594594594594,4.0725945945945945,0.3945945945945946,18,0.0,0.0,16.0,0.0,2025-05,5,Free,Short,Good,Senior
CR00023,2025-05,16,0.0,Machine Learning Fundamentals,Data Science,Free,Intermediate,0.0,9.71,3.02,16.194594594594594,4.0725945945945945,0.3945945945945946,16,0.0,0.0,17.0,0.0,2025-06,6,Free,Short,Good,Senior
CR00023,2025-06,17,0.0,Machine Learning Fundamentals,Data Science,Free,Intermediate,0.0,9.71,3.02,16.194594594594594,4.0725945945945945,0.3945945945945946,17,0.0,0.0,22.0,0.0,2025-07,7,Free,Short,Good,Senior
CR00023,2025-07,22,0.0,Machine Learning Fundamentals,Data Science,Free,Intermediate,0.0,9.71,3.02,16.194594594594594,4.0725945945945945,0.3945945945945946,22,0.0,0.0,11.0,0.0,2025-08,8,Free,Short,Good,Senior
CR00023,2025-08,11,0.0,Machine Learning Fundamentals,Data Science,Free,Intermediate,0.0,9.71,3.02,16.194594594594594,4.0725945945945945,0.3945945945945946,11,0.0,0.0,11.0,0.0,2025-09,9,Free,Short,Good,Senior
CR00023,2025-09,11,0.0,Machine Learning Fundamentals,Data Science,Free,Intermediate,0.0,9.71,3.02,16.194594594594594,4.0725945945945945,0.3945945945945946,11,0.0,0.0,12.0,0.0,2025-10,10,Free,Short,Good,Senior
CR00023,2025-10,12,0.0,Machine Learning Fundamentals,Data Science,Free,Intermediate,0.0,9.71,3.02,16.194594594594594,4.0725945945945945,0.3945945945945946,12,0.0,0.0,13.0,0.0,2025-11,11,Free,Short,Good,Senior
CR00023,2025-11,13,0.0,Machine Learning Fundamentals,Data Science,Free,Intermediate,0.0,9.71,3.02,16.194594594594594,4.0725945945945945,0.3945945945945946,13,0.0,0.0,17.0,0.0,2025-12,12,Free,Short,Good,Senior
CR00024,2025-01,9,1059.1200000000001,Big Data Analytics,Data Science,Paid,Advanced,117.68,48.09,2.57,16.55421686746988,4.141867469879518,0.3855421686746988,9,1059.1200000000001,117.68,10.0,1176.8000000000002,2025-02,2,Low,Long,Developing,Senior
CR00024,2025-02,10,1176.8000000000002,Big Data Analytics,Data Science,Paid,Advanced,117.68,48.09,2.57,16.55421686746988,4.141867469879518,0.3855421686746988,10,1117.96,117.68000000000002,12.0,1412.16,2025-03,3,Low,Long,Developing,Senior
CR00024,2025-03,12,1412.16,Big Data Analytics,Data Science,Paid,Advanced,117.68,48.09,2.57,16.55421686746988,4.141867469879518,0.3855421686746988,12,1216.0266666666669,117.68,11.0,1294.48,2025-04,4,Low,Long,Developing,Senior
CR00024,2025-04,11,1294.48,Big Data Analytics,Data Science,Paid,Advanced,117.68,48.09,2.57,16.55421686746988,4.141867469879518,0.3855421686746988,11,1235.64,117.68,14.0,1647.52,2025-05,5,Low,Long,Developing,Senior
CR00024,2025-05,14,1647.52,Big Data Analytics,Data Science,Paid,Advanced,117.68,48.09,2.57,16.55421686746988,4.141867469879518,0.3855421686746988,14,1318.016,117.67999999999999,24.0,2824.32,2025-06,6,Low,Long,Developing,Senior
CR00024,2025-06,24,2824.32,Big Data Analytics,Data Science,Paid,Advanced,117.68,48.09,2.57,16.55421686746988,4.141867469879518,0.3855421686746988,24,1569.0666666666668,117.68,16.0,1882.88,2025-07,7,Low,Long,Developing,Senior
CR00024,2025-07,16,1882.88,Big Data Analytics,Data Science,Paid,Advanced,117.68,48.09,2.57,16.55421686746988,4.141867469879518,0.3855421686746988,16,1613.8971428571429,117.68,8.0,941.44,2025-08,8,Low,Long,Developing,Senior
CR00024,2025-08,8,941.44,Big Data Analytics,Data Science,Paid,Advanced,117.68,48.09,2.57,16.55421686746988,4.141867469879518,0.3855421686746988,8,1529.8400000000001,117.68,17.0,2000.5600000000002,2025-09,9,Low,Long,Developing,Senior
CR00024,2025-09,17,2000.5600000000002,Big Data Analytics,Data Science,Paid,Advanced,117.68,48.09,2.57,16.55421686746988,4.141867469879518,0.3855421686746988,17,1582.1422222222222,117.68,13.0,1529.8400000000001,2025-10,10,Low,Long,Developing,Senior
CR00024,2025-10,13,1529.8400000000001,Big Data Analytics,Data Science,Paid,Advanced,117.68,48.09,2.57,16.55421686746988,4.141867469879518,0.3855421686746988,13,1576.912,117.68,18.0,2118.2400000000002,2025-11,11,Low,Long,Developing,Senior
CR00024,2025-11,18,2118.2400000000002,Big Data Analytics,Data Science,Paid,Advanced,117.68,48.09,2.57,16.55421686746988,4.141867469879518,0.3855421686746988,18,1626.1236363636365,117.68,14.0,1647.52,2025-12,12,Low,Long,Developing,Senior
CR00025,2025-01,15,4493.55,Statistical Analysis,Data Science,Paid,Beginner,299.57,48.32,3.74,16.489583333333332,4.13109375,0.3854166666666667,15,4493.55,299.57,16.0,4793.12,2025-02,2,High,Long,Good,Senior
CR00025,2025-02,16,4793.12,Statistical Analysis,Data Science,Paid,Beginner,299.57,48.32,3.74,16.489583333333332,4.13109375,0.3854166666666667,16,4643.335,299.57,19.0,5691.83,2025-03,3,High,Long,Good,Senior
CR00025,2025-03,19,5691.83,Statistical Analysis,Data Science,Paid,Beginner,299.57,48.32,3.74,16.489583333333332,4.13109375,0.3854166666666667,19,4992.833333333333,299.57,23.0,6890.11,2025-04,4,High,Long,Good,Senior
CR00025,2025-04,23,6890.11,Statistical Analysis,Data Science,Paid,Beginner,299.57,48.32,3.74,16.489583333333332,4.13109375,0.3854166666666667,23,5467.1525,299.57,24.0,7189.68,2025-05,5,High,Long,Good,Senior
CR00025,2025-05,24,7189.68,Statistical Analysis,Data Science,Paid,Beginner,299.57,48.32,3.74,16.489583333333332,4.13109375,0.3854166666666667,24,5811.658,299.57,9.0,2696.13,2025-06,6,High,Long,Good,Senior
CR00025,2025-06,9,2696.13,Statistical Analysis,Data Science,Paid,Beginner,299.57,48.32,3.74,16.489583333333332,4.13109375,0.3854166666666667,9,5292.403333333333,299.57,10.0,2995.7,2025-07,7,High,Long,Good,Senior
CR00025,2025-07,10,2995.7,Statistical Analysis,Data Science,Paid,Beginner,299.57,48.32,3.74,16.489583333333332,4.13109375,0.3854166666666667,10,4964.302857142858,299.57,15.0,4493.55,2025-08,8,High,Long,Good,Senior
CR00025,2025-08,15,4493.55,Statistical Analysis,Data Science,Paid,Beginner,299.57,48.32,3.74,16.489583333333332,4.13109375,0.3854166666666667,15,4905.45875,299.57,20.0,5991.4,2025-09,9,High,Long,Good,Senior
CR00025,2025-09,20,5991.4,Statistical Analysis,Data Science,Paid,Beginner,299.57,48.32,3.74,16.489583333333332,4.13109375,0.3854166666666667,20,5026.118888888889,299.57,12.0,3594.84,2025-10,10,High,Long,Good,Senior
CR00025,2025-10,12,3594.84,Statistical Analysis,Data Science,Paid,Beginner,299.57,48.32,3.74,16.489583333333332,4.13109375,0.3854166666666667,12,4882.991,299.57,13.0,3894.41,2025-11,11,High,Long,Good,Senior
CR00025,2025-11,13,3894.41,Statistical Analysis,Data Science,Paid,Beginner,299.57,48.32,3.74,16.489583333333332,4.13109375,0.3854166666666667,13,4793.12,299.57,16.0,4793.12,2025-12,12,High,Long,Good,Senior
CR00026,2025-01,14,0.0,Intro to Machine Learning,Machine Learning,Free,Intermediate,0.0,47.7,4.73,14.05813953488372,4.291627906976744,0.8430232558139535,14,0.0,0.0,16.0,0.0,2025-02,2,Free,Long,Excellent,Senior
CR00026,2025-02,16,0.0,Intro to Machine Learning,Machine Learning,Free,Intermediate,0.0,47.7,4.73,14.05813953488372,4.291627906976744,0.8430232558139535,16,0.0,0.0,11.0,0.0,2025-03,3,Free,Long,Excellent,Senior
CR00026,2025-03,11,0.0,Intro to Machine Learning,Machine Learning,Free,Intermediate,0.0,47.7,4.73,14.05813953488372,4.291627906976744,0.8430232558139535,11,0.0,0.0,14.0,0.0,2025-04,4,Free,Long,Excellent,Senior
CR00026,2025-04,14,0.0,Intro to Machine Learning,Machine Learning,Free,Intermediate,0.0,47.7,4.73,14.05813953488372,4.291627906976744,0.8430232558139535,14,0.0,0.0,16.0,0.0,2025-05,5,Free,Long,Excellent,Senior
CR00026,2025-05,16,0.0,Intro to Machine Learning,Machine Learning,Free,Intermediate,0.0,47.7,4.73,14.05813953488372,4.291627906976744,0.8430232558139535,16,0.0,0.0,15.0,0.0,2025-06,6,Free,Long,Excellent,Senior
CR00026,2025-06,15,0.0,Intro to Machine Learning,Machine Learning,Free,Intermediate,0.0,47.7,4.73,14.05813953488372,4.291627906976744,0.8430232558139535,15,0.0,0.0,15.0,0.0,2025-07,7,Free,Long,Excellent,Senior
CR00026,2025-07,15,0.0,Intro to Machine Learning,Machine Learning,Free,Intermediate,0.0,47.7,4.73,14.05813953488372,4.291627906976744,0.8430232558139535,15,0.0,0.0,18.0,0.0,2025-08,8,Free,Long,Excellent,Senior
CR00026,2025-08,18,0.0,Intro to Machine Learning,Machine Learning,Free,Intermediate,0.0,47.7,4.73,14.05813953488372,4.291627906976744,0.8430232558139535,18,0.0,0.0,20.0,0.0,2025-09,9,Free,Long,Excellent,Senior
CR00026,2025-09,20,0.0,Intro to Machine Learning,Machine Learning,Free,Intermediate,0.0,47.7,4.73,14.05813953488372,4.291627906976744,0.8430232558139535,20,0.0,0.0,12.0,0.0,2025-10,10,Free,Long,Excellent,Senior
CR00026,2025-10,12,0.0,Intro to Machine Learning,Machine Learning,Free,Intermediate,0.0,47.7,4.73,14.05813953488372,4.291627906976744,0.8430232558139535,12,0.0,0.0,11.0,0.0,2025-11,11,Free,Long,Excellent,Senior
CR00026,2025-11,11,0.0,Intro to Machine Learning,Machine Learning,Free,Intermediate,0.0,47.7,4.73,14.05813953488372,4.291627906976744,0.8430232558139535,11,0.0,0.0,10.0,0.0,2025-12,12,Free,Long,Excellent,Senior
CR00027,2025-01,13,0.0,Neural Networks,Machine Learning,Free,Advanced,0.0,9.3,1.81,14.493421052631579,4.269934210526316,0.8618421052631579,13,0.0,0.0,12.0,0.0,2025-02,2,Free,Short,Developing,Senior
CR00027,2025-02,12,0.0,Neural Networks,Machine Learning,Free,Advanced,0.0,9.3,1.81,14.493421052631579,4.269934210526316,0.8618421052631579,12,0.0,0.0,8.0,0.0,2025-03,3,Free,Short,Developing,Senior
CR00027,2025-03,8,0.0,Neural Networks,Machine Learning,Free,Advanced,0.0,9.3,1.81,14.493421052631579,4.269934210526316,0.8618421052631579,8,0.0,0.0,10.0,0.0,2025-04,4,Free,Short,Developing,Senior
CR00027,2025-04,10,0.0,Neural Networks,Machine Learning,Free,Advanced,0.0,9.3,1.81,14.493421052631579,4.269934210526316,0.8618421052631579,10,0.0,0.0,16.0,0.0,2025-05,5,Free,Short,Developing,Senior
CR00027,2025-05,16,0.0,Neural Networks,Machine Learning,Free,Advanced,0.0,9.3,1.81,14.493421052631579,4.269934210526316,0.8618421052631579,16,0.0,0.0,13.0,0.0,2025-06,6,Free,Short,Developing,Senior
CR00027,2025-06,13,0.0,Neural Networks,Machine Learning,Free,Advanced,0.0,9.3,1.81,14.493421052631579,4.269934210526316,0.8618421052631579,13,0.0,0.0,14.0,0.0,2025-07,7,Free,Short,Developing,Senior
CR00027,2025-07,14,0.0,Neural Networks,Machine Learning,Free,Advanced,0.0,9.3,1.81,14.493421052631579,4.269934210526316,0.8618421052631579,14,0.0,0.0,18.0,0.0,2025-08,8,Free,Short,Developing,Senior
CR00027,2025-08,18,0.0,Neural Networks,Machine Learning,Free,Advanced,0.0,9.3,1.81,14.493421052631579,4.269934210526316,0.8618421052631579,18,0.0,0.0,10.0,0.0,2025-09,9,Free,Short,Developing,Senior
CR00027,2025-09,10,0.0,Neural Networks,Machine Learning,Free,Advanced,0.0,9.3,1.81,14.493421052631579,4.269934210526316,0.8618421052631579,10,0.0,0.0,10.0,0.0,2025-10,10,Free,Short,Developing,Senior
CR00027,2025-10,10,0.0,Neural Networks,Machine Learning,Free,Advanced,0.0,9.3,1.81,14.493421052631579,4.269934210526316,0.8618421052631579,10,0.0,0.0,18.0,0.0,2025-11,11,Free,Short,Developing,Senior
CR00027,2025-11,18,0.0,Neural Networks,Machine Learning,Free,Advanced,0.0,9.3,1.81,14.493421052631579,4.269934210526316,0.8618421052631579,18,0.0,0.0,10.0,0.0,2025-12,12,Free,Short,Developing,Senior
CR00028,2025-01,17,13.26,Deep Learning,Machine Learning,Paid,Advanced,0.78,44.96,3.89,13.836257309941521,4.208128654970761,0.8245614035087719,17,13.26,0.78,10.0,7.800000000000001,2025-02,2,Low,Long,Good,Senior
CR00028,2025-02,10,7.800000000000001,Deep Learning,Machine Learning,Paid,Advanced,0.78,44.96,3.89,13.836257309941521,4.208128654970761,0.8245614035087719,10,10.530000000000001,0.78,20.0,15.600000000000001,2025-03,3,Low,Long,Good,Senior
CR00028,2025-03,20,15.600000000000001,Deep Learning,Machine Learning,Paid,Advanced,0.78,44.96,3.89,13.836257309941521,4.208128654970761,0.8245614035087719,20,12.22,0.78,16.0,12.48,2025-04,4,Low,Long,Good,Senior
CR00028,2025-04,16,12.48,Deep Learning,Machine Learning,Paid,Advanced,0.78,44.96,3.89,13.836257309941521,4.208128654970761,0.8245614035087719,16,12.285,0.78,15.0,11.700000000000001,2025-05,5,Low,Long,Good,Senior
CR00028,2025-05,15,11.700000000000001,Deep Learning,Machine Learning,Paid,Advanced,0.78,44.96,3.89,13.836257309941521,4.208128654970761,0.8245614035087719,15,12.168000000000001,0.78,16.0,12.48,2025-06,6,Low,Long,Good,Senior
CR00028,2025-06,16,12.48,Deep Learning,Machine Learning,Paid,Advanced,0.78,44.96,3.89,13.836257309941521,4.208128654970761,0.8245614035087719,16,12.22,0.78,16.0,12.48,2025-07,7,Low,Long,Good,Senior
CR00028,2025-07,16,12.48,Deep Learning,Machine Learning,Paid,Advanced,0.78,44.96,3.89,13.836257309941521,4.208128654970761,0.8245614035087719,16,12.257142857142858,0.78,15.0,11.700000000000001,2025-08,8,Low,Long,Good,Senior
CR00028,2025-08,15,11.700000000000001,Deep Learning,Machine Learning,Paid,Advanced,0.78,44.96,3.89,13.836257309941521,4.208128654970761,0.8245614035087719,15,12.1875,0.78,16.0,12.48,2025-09,9,Low,Long,Good,Senior
CR00028,2025-09,16,12.48,Deep Learning,Machine Learning,Paid,Advanced,0.78,44.96,3.89,13.836257309941521,4.208128654970761,0.8245614035087719,16,12.22,0.78,10.0,7.800000000000001,2025-10,10,Low,Long,Good,Senior
CR00028,2025-10,10,7.800000000000001,Deep Learning,Machine Learning,Paid,Advanced,0.78,44.96,3.89,13.836257309941521,4.208128654970761,0.8245614035087719,10,11.778,0.78,9.0,7.0200000000000005,2025-11,11,Low,Long,Good,Senior
CR00028,2025-11,9,7.0200000000000005,Deep Learning,Machine Learning,Paid,Advanced,0.78,44.96,3.89,13.836257309941521,4.208128654970761,0.8245614035087719,9,11.345454545454546,0.78,11.0,8.58,2025-12,12,Low,Long,Good,Senior
CR00029,2025-01,14,0.0,Natural Language Processing,Machine Learning,Free,Beginner,0.0,16.33,1.13,14.36774193548387,4.360129032258064,0.8774193548387097,14,0.0,0.0,9.0,0.0,2025-02,2,Free,Short,Developing,Senior
CR00029,2025-02,9,0.0,Natural Language Processing,Machine Learning,Free,Beginner,0.0,16.33,1.13,14.36774193548387,4.360129032258064,0.8774193548387097,9,0.0,0.0,11.0,0.0,2025-03,3,Free,Short,Developing,Senior
CR00029,2025-03,11,0.0,Natural Language Processing,Machine Learning,Free,Beginner,0.0,16.33,1.13,14.36774193548387,4.360129032258064,0.8774193548387097,11,0.0,0.0,15.0,0.0,2025-04,4,Free,Short,Developing,Senior
CR00029,2025-04,15,0.0,Natural Language Processing,Machine Learning,Free,Beginner,0.0,16.33,1.13,14.36774193548387,4.360129032258064,0.8774193548387097,15,0.0,0.0,15.0,0.0,2025-05,5,Free,Short,Developing,Senior
CR00029,2025-05,15,0.0,Natural Language Processing,Machine Learning,Free,Beginner,0.0,16.33,1.13,14.36774193548387,4.360129032258064,0.8774193548387097,15,0.0,0.0,16.0,0.0,2025-06,6,Free,Short,Developing,Senior
CR00029,2025-06,16,0.0,Natural Language Processing,Machine Learning,Free,Beginner,0.0,16.33,1.13,14.36774193548387,4.360129032258064,0.8774193548387097,16,0.0,0.0,9.0,0.0,2025-07,7,Free,Short,Developing,Senior
CR00029,2025-07,9,0.0,Natural Language Processing,Machine Learning,Free,Beginner,0.0,16.33,1.13,14.36774193548387,4.360129032258064,0.8774193548387097,9,0.0,0.0,13.0,0.0,2025-08,8,Free,Short,Developing,Senior
CR00029,2025-08,13,0.0,Natural Language Processing,Machine Learning,Free,Beginner,0.0,16.33,1.13,14.36774193548387,4.360129032258064,0.8774193548387097,13,0.0,0.0,21.0,0.0,2025-09,9,Free,Short,Developing,Senior
CR00029,2025-09,21,0.0,Natural Language Processing,Machine Learning,Free,Beginner,0.0,16.33,1.13,14.36774193548387,4.360129032258064,0.8774193548387097,21,0.0,0.0,14.0,0.0,2025-10,10,Free,Short,Developing,Senior
CR00029,2025-10,14,0.0,Natural Language Processing,Machine Learning,Free,Beginner,0.0,16.33,1.13,14.36774193548387,4.360129032258064,0.8774193548387097,14,0.0,0.0,8.0,0.0,2025-11,11,Free,Short,Developing,Senior
CR00029,2025-11,8,0.0,Natural Language Processing,Machine Learning,Free,Beginner,0.0,16.33,1.13,14.36774193548387,4.360129032258064,0.8774193548387097,8,0.0,0.0,10.0,0.0,2025-12,12,Free,Short,Developing,Senior
CR00030,2025-01,12,0.0,Reinforcement Learning,Machine Learning,Free,Intermediate,0.0,38.49,1.73,14.91715976331361,4.302426035502958,0.8461538461538461,12,0.0,0.0,9.0,0.0,2025-02,2,Free,Medium,Developing,Senior
CR00030,2025-02,9,0.0,Reinforcement Learning,Machine Learning,Free,Intermediate,0.0,38.49,1.73,14.91715976331361,4.302426035502958,0.8461538461538461,9,0.0,0.0,12.0,0.0,2025-03,3,Free,Medium,Developing,Senior
CR00030,2025-03,12,0.0,Reinforcement Learning,Machine Learning,Free,Intermediate,0.0,38.49,1.73,14.91715976331361,4.302426035502958,0.8461538461538461,12,0.0,0.0,13.0,0.0,2025-04,4,Free,Medium,Developing,Senior
CR00030,2025-04,13,0.0,Reinforcement Learning,Machine Learning,Free,Intermediate,0.0,38.49,1.73,14.91715976331361,4.302426035502958,0.8461538461538461,13,0.0,0.0,12.0,0.0,2025-05,5,Free,Medium,Developing,Senior
CR00030,2025-05,12,0.0,Reinforcement Learning,Machine Learning,Free,Intermediate,0.0,38.49,1.73,14.91715976331361,4.302426035502958,0.8461538461538461,12,0.0,0.0,15.0,0.0,2025-06,6,Free,Medium,Developing,Senior
CR00030,2025-06,15,0.0,Reinforcement Learning,Machine Learning,Free,Intermediate,0.0,38.49,1.73,14.91715976331361,4.302426035502958,0.8461538461538461,15,0.0,0.0,10.0,0.0,2025-07,7,Free,Medium,Developing,Senior
CR00030,2025-07,10,0.0,Reinforcement Learning,Machine Learning,Free,Intermediate,0.0,38.49,1.73,14.91715976331361,4.302426035502958,0.8461538461538461,10,0.0,0.0,16.0,0.0,2025-08,8,Free,Medium,Developing,Senior
CR00030,2025-08,16,0.0,Reinforcement Learning,Machine Learning,Free,Intermediate,0.0,38.49,1.73,14.91715976331361,4.302426035502958,0.8461538461538461,16,0.0,0.0,20.0,0.0,2025-09,9,Free,Medium,Developing,Senior
CR00030,2025-09,20,0.0,Reinforcement Learning,Machine Learning,Free,Intermediate,0.0,38.49,1.73,14.91715976331361,4.302426035502958,0.8461538461538461,20,0.0,0.0,12.0,0.0,2025-10,10,Free,Medium,Developing,Senior
CR00030,2025-10,12,0.0,Reinforcement Learning,Machine Learning,Free,Intermediate,0.0,38.49,1.73,14.91715976331361,4.302426035502958,0.8461538461538461,12,0.0,0.0,14.0,0.0,2025-11,11,Free,Medium,Developing,Senior
CR00030,2025-11,14,0.0,Reinforcement Learning,Machine Learning,Free,Intermediate,0.0,38.49,1.73,14.91715976331361,4.302426035502958,0.8461538461538461,14,0.0,0.0,24.0,0.0,2025-12,12,Free,Medium,Developing,Senior
CR00031,2025-01,10,0.0,Network Security,Cybersecurity,Free,Intermediate,0.0,26.52,1.91,15.33125,3.7743124999999997,1.0,10,0.0,0.0,12.0,0.0,2025-02,2,Free,Medium,Developing,Senior
CR00031,2025-02,12,0.0,Network Security,Cybersecurity,Free,Intermediate,0.0,26.52,1.91,15.33125,3.7743124999999997,1.0,12,0.0,0.0,9.0,0.0,2025-03,3,Free,Medium,Developing,Senior
CR00031,2025-03,9,0.0,Network Security,Cybersecurity,Free,Intermediate,0.0,26.52,1.91,15.33125,3.7743124999999997,1.0,9,0.0,0.0,10.0,0.0,2025-04,4,Free,Medium,Developing,Senior
CR00031,2025-04,10,0.0,Network Security,Cybersecurity,Free,Intermediate,0.0,26.52,1.91,15.33125,3.7743124999999997,1.0,10,0.0,0.0,13.0,0.0,2025-05,5,Free,Medium,Developing,Senior
CR00031,2025-05,13,0.0,Network Security,Cybersecurity,Free,Intermediate,0.0,26.52,1.91,15.33125,3.7743124999999997,1.0,13,0.0,0.0,17.0,0.0,2025-06,6,Free,Medium,Developing,Senior
CR00031,2025-06,17,0.0,Network Security,Cybersecurity,Free,Intermediate,0.0,26.52,1.91,15.33125,3.7743124999999997,1.0,17,0.0,0.0,18.0,0.0,2025-07,7,Free,Medium,Developing,Senior
CR00031,2025-07,18,0.0,Network Security,Cybersecurity,Free,Intermediate,0.0,26.52,1.91,15.33125,3.7743124999999997,1.0,18,0.0,0.0,14.0,0.0,2025-08,8,Free,Medium,Developing,Senior
CR00031,2025-08,14,0.0,Network Security,Cybersecurity,Free,Intermediate,0.0,26.52,1.91,15.33125,3.7743124999999997,1.0,14,0.0,0.0,15.0,0.0,2025-09,9,Free,Medium,Developing,Senior
CR00031,2025-09,15,0.0,Network Security,Cybersecurity,Free,Intermediate,0.0,26.52,1.91,15.33125,3.7743124999999997,1.0,15,0.0,0.0,17.0,0.0,2025-10,10,Free,Medium,Developing,Senior
CR00031,2025-10,17,0.0,Network Security,Cybersecurity,Free,Intermediate,0.0,26.52,1.91,15.33125,3.7743124999999997,1.0,17,0.0,0.0,13.0,0.0,2025-11,11,Free,Medium,Developing,Senior
CR00031,2025-11,13,0.0,Network Security,Cybersecurity,Free,Intermediate,0.0,26.52,1.91,15.33125,3.7743124999999997,1.0,13,0.0,0.0,12.0,0.0,2025-12,12,Free,Medium,Developing,Senior
CR00032,2025-01,12,0.0,Ethical Hacking,Cybersecurity,Free,Advanced,0.0,16.74,2.38,15.889570552147239,3.8412883435582823,1.0,12,0.0,0.0,10.0,0.0,2025-02,2,Free,Short,Developing,Senior
CR00032,2025-02,10,0.0,Ethical Hacking,Cybersecurity,Free,Advanced,0.0,16.74,2.38,15.889570552147239,3.8412883435582823,1.0,10,0.0,0.0,13.0,0.0,2025-03,3,Free,Short,Developing,Senior
CR00032,2025-03,13,0.0,Ethical Hacking,Cybersecurity,Free,Advanced,0.0,16.74,2.38,15.889570552147239,3.8412883435582823,1.0,13,0.0,0.0,19.0,0.0,2025-04,4,Free,Short,Developing,Senior
CR00032,2025-04,19,0.0,Ethical Hacking,Cybersecurity,Free,Advanced,0.0,16.74,2.38,15.889570552147239,3.8412883435582823,1.0,19,0.0,0.0,11.0,0.0,2025-05,5,Free,Short,Developing,Senior
CR00032,2025-05,11,0.0,Ethical Hacking,Cybersecurity,Free,Advanced,0.0,16.74,2.38,15.889570552147239,3.8412883435582823,1.0,11,0.0,0.0,15.0,0.0,2025-06,6,Free,Short,Developing,Senior
CR00032,2025-06,15,0.0,Ethical Hacking,Cybersecurity,Free,Advanced,0.0,16.74,2.38,15.889570552147239,3.8412883435582823,1.0,15,0.0,0.0,15.0,0.0,2025-07,7,Free,Short,Developing,Senior
CR00032,2025-07,15,0.0,Ethical Hacking,Cybersecurity,Free,Advanced,0.0,16.74,2.38,15.889570552147239,3.8412883435582823,1.0,15,0.0,0.0,15.0,0.0,2025-08,8,Free,Short,Developing,Senior
CR00032,2025-08,15,0.0,Ethical Hacking,Cybersecurity,Free,Advanced,0.0,16.74,2.38,15.889570552147239,3.8412883435582823,1.0,15,0.0,0.0,10.0,0.0,2025-09,9,Free,Short,Developing,Senior
CR00032,2025-09,10,0.0,Ethical Hacking,Cybersecurity,Free,Advanced,0.0,16.74,2.38,15.889570552147239,3.8412883435582823,1.0,10,0.0,0.0,16.0,0.0,2025-10,10,Free,Short,Developing,Senior
CR00032,2025-10,16,0.0,Ethical Hacking,Cybersecurity,Free,Advanced,0.0,16.74,2.38,15.889570552147239,3.8412883435582823,1.0,16,0.0,0.0,12.0,0.0,2025-11,11,Free,Short,Developing,Senior
CR00032,2025-11,12,0.0,Ethical Hacking,Cybersecurity,Free,Advanced,0.0,16.74,2.38,15.889570552147239,3.8412883435582823,1.0,12,0.0,0.0,15.0,0.0,2025-12,12,Free,Short,Developing,Senior
CR00033,2025-01,12,0.0,Cybersecurity Fundamentals,Cybersecurity,Free,Intermediate,0.0,48.25,3.93,15.766467065868264,3.814790419161677,1.0,12,0.0,0.0,17.0,0.0,2025-02,2,Free,Long,Good,Senior
CR00033,2025-02,17,0.0,Cybersecurity Fundamentals,Cybersecurity,Free,Intermediate,0.0,48.25,3.93,15.766467065868264,3.814790419161677,1.0,17,0.0,0.0,12.0,0.0,2025-03,3,Free,Long,Good,Senior
CR00033,2025-03,12,0.0,Cybersecurity Fundamentals,Cybersecurity,Free,Intermediate,0.0,48.25,3.93,15.766467065868264,3.814790419161677,1.0,12,0.0,0.0,17.0,0.0,2025-04,4,Free,Long,Good,Senior
CR00033,2025-04,17,0.0,Cybersecurity Fundamentals,Cybersecurity,Free,Intermediate,0.0,48.25,3.93,15.766467065868264,3.814790419161677,1.0,17,0.0,0.0,17.0,0.0,2025-05,5,Free,Long,Good,Senior
CR00033,2025-05,17,0.0,Cybersecurity Fundamentals,Cybersecurity,Free,Intermediate,0.0,48.25,3.93,15.766467065868264,3.814790419161677,1.0,17,0.0,0.0,16.0,0.0,2025-06,6,Free,Long,Good,Senior
CR00033,2025-06,16,0.0,Cybersecurity Fundamentals,Cybersecurity,Free,Intermediate,0.0,48.25,3.93,15.766467065868264,3.814790419161677,1.0,16,0.0,0.0,14.0,0.0,2025-07,7,Free,Long,Good,Senior
CR00033,2025-07,14,0.0,Cybersecurity Fundamentals,Cybersecurity,Free,Intermediate,0.0,48.25,3.93,15.766467065868264,3.814790419161677,1.0,14,0.0,0.0,17.0,0.0,2025-08,8,Free,Long,Good,Senior
CR00033,2025-08,17,0.0,Cybersecurity Fundamentals,Cybersecurity,Free,Intermediate,0.0,48.25,3.93,15.766467065868264,3.814790419161677,1.0,17,0.0,0.0,13.0,0.0,2025-09,9,Free,Long,Good,Senior
CR00033,2025-09,13,0.0,Cybersecurity Fundamentals,Cybersecurity,Free,Intermediate,0.0,48.25,3.93,15.766467065868264,3.814790419161677,1.0,13,0.0,0.0,7.0,0.0,2025-10,10,Free,Long,Good,Senior
CR00033,2025-10,7,0.0,Cybersecurity Fundamentals,Cybersecurity,Free,Intermediate,0.0,48.25,3.93,15.766467065868264,3.814790419161677,1.0,7,0.0,0.0,14.0,0.0,2025-11,11,Free,Long,Good,Senior
CR00033,2025-11,14,0.0,Cybersecurity Fundamentals,Cybersecurity,Free,Intermediate,0.0,48.25,3.93,15.766467065868264,3.814790419161677,1.0,14,0.0,0.0,11.0,0.0,2025-12,12,Free,Long,Good,Senior
CR00034,2025-01,12,4731.12,Data Encryption,Cybersecurity,Paid,Intermediate,394.26,47.44,1.35,16.733333333333334,3.943666666666666,1.0,12,4731.12,394.26,10.0,3942.6,2025-02,2,High,Long,Developing,Senior
CR00034,2025-02,10,3942.6,Data Encryption,Cybersecurity,Paid,Intermediate,394.26,47.44,1.35,16.733333333333334,3.943666666666666,1.0,10,4336.86,394.26,9.0,3548.34,2025-03,3,High,Long,Developing,Senior
CR00034,2025-03,9,3548.34,Data Encryption,Cybersecurity,Paid,Intermediate,394.26,47.44,1.35,16.733333333333334,3.943666666666666,1.0,9,4074.02,394.26,13.0,5125.38,2025-04,4,High,Long,Developing,Senior
CR00034,2025-04,13,5125.38,Data Encryption,Cybersecurity,Paid,Intermediate,394.26,47.44,1.35,16.733333333333334,3.943666666666666,1.0,13,4336.860000000001,394.26,10.0,3942.6,2025-05,5,High,Long,Developing,Senior
CR00034,2025-05,10,3942.6,Data Encryption,Cybersecurity,Paid,Intermediate,394.26,47.44,1.35,16.733333333333334,3.943666666666666,1.0,10,4258.008,394.26,15.0,5913.9,2025-06,6,High,Long,Developing,Senior
CR00034,2025-06,15,5913.9,Data Encryption,Cybersecurity,Paid,Intermediate,394.26,47.44,1.35,16.733333333333334,3.943666666666666,1.0,15,4533.990000000001,394.26,9.0,3548.34,2025-07,7,High,Long,Developing,Senior
CR00034,2025-07,9,3548.34,Data Encryption,Cybersecurity,Paid,Intermediate,394.26,47.44,1.35,16.733333333333334,3.943666666666666,1.0,9,4393.182857142857,394.26,16.0,6308.16,2025-08,8,High,Long,Developing,Senior
CR00034,2025-08,16,6308.16,Data Encryption,Cybersecurity,Paid,Intermediate,394.26,47.44,1.35,16.733333333333334,3.943666666666666,1.0,16,4632.555,394.26,15.0,5913.9,2025-09,9,High,Long,Developing,Senior
CR00034,2025-09,15,5913.9,Data Encryption,Cybersecurity,Paid,Intermediate,394.26,47.44,1.35,16.733333333333334,3.943666666666666,1.0,15,4774.926666666666,394.26,5.0,1971.3,2025-10,10,High,Long,Developing,Senior
CR00034,2025-10,5,1971.3,Data Encryption,Cybersecurity,Paid,Intermediate,394.26,47.44,1.35,16.733333333333334,3.943666666666666,1.0,5,4494.564,394.26,21.0,8279.46,2025-11,11,High,Long,Developing,Senior
CR00034,2025-11,21,8279.46,Data Encryption,Cybersecurity,Paid,Intermediate,394.26,47.44,1.35,16.733333333333334,3.943666666666666,1.0,21,4838.645454545454,394.25999999999993,15.0,5913.9,2025-12,12,High,Long,Developing,Senior
CR00035,2025-01,13,0.0,Cyber Threat Intelligence,Cybersecurity,Free,Beginner,0.0,42.59,4.94,15.614525139664805,3.869720670391062,1.0,13,0.0,0.0,12.0,0.0,2025-02,2,Free,Long,Excellent,Senior
CR00035,2025-02,12,0.0,Cyber Threat Intelligence,Cybersecurity,Free,Beginner,0.0,42.59,4.94,15.614525139664805,3.869720670391062,1.0,12,0.0,0.0,19.0,0.0,2025-03,3,Free,Long,Excellent,Senior
CR00035,2025-03,19,0.0,Cyber Threat Intelligence,Cybersecurity,Free,Beginner,0.0,42.59,4.94,15.614525139664805,3.869720670391062,1.0,19,0.0,0.0,10.0,0.0,2025-04,4,Free,Long,Excellent,Senior
CR00035,2025-04,10,0.0,Cyber Threat Intelligence,Cybersecurity,Free,Beginner,0.0,42.59,4.94,15.614525139664805,3.869720670391062,1.0,10,0.0,0.0,16.0,0.0,2025-05,5,Free,Long,Excellent,Senior
CR00035,2025-05,16,0.0,Cyber Threat Intelligence,Cybersecurity,Free,Beginner,0.0,42.59,4.94,15.614525139664805,3.869720670391062,1.0,16,0.0,0.0,12.0,0.0,2025-06,6,Free,Long,Excellent,Senior
CR00035,2025-06,12,0.0,Cyber Threat Intelligence,Cybersecurity,Free,Beginner,0.0,42.59,4.94,15.614525139664805,3.869720670391062,1.0,12,0.0,0.0,16.0,0.0,2025-07,7,Free,Long,Excellent,Senior
CR00035,2025-07,16,0.0,Cyber Threat Intelligence,Cybersecurity,Free,Beginner,0.0,42.59,4.94,15.614525139664805,3.869720670391062,1.0,16,0.0,0.0,18.0,0.0,2025-08,8,Free,Long,Excellent,Senior
CR00035,2025-08,18,0.0,Cyber Threat Intelligence,Cybersecurity,Free,Beginner,0.0,42.59,4.94,15.614525139664805,3.869720670391062,1.0,18,0.0,0.0,20.0,0.0,2025-09,9,Free,Long,Excellent,Senior
CR00035,2025-09,20,0.0,Cyber Threat Intelligence,Cybersecurity,Free,Beginner,0.0,42.59,4.94,15.614525139664805,3.869720670391062,1.0,20,0.0,0.0,15.0,0.0,2025-10,10,Free,Long,Excellent,Senior
CR00035,2025-10,15,0.0,Cyber Threat Intelligence,Cybersecurity,Free,Beginner,0.0,42.59,4.94,15.614525139664805,3.869720670391062,1.0,15,0.0,0.0,14.0,0.0,2025-11,11,Free,Long,Excellent,Senior
CR00035,2025-11,14,0.0,Cyber Threat Intelligence,Cybersecurity,Free,Beginner,0.0,42.59,4.94,15.614525139664805,3.869720670391062,1.0,14,0.0,0.0,14.0,0.0,2025-12,12,Free,Long,Excellent,Senior
CR00036,2025-01,15,0.0,Agile Project Management,Project Management,Free,Beginner,0.0,15.75,4.68,17.389830508474578,4.151299435028249,0.3615819209039548,15,0.0,0.0,16.0,0.0,2025-02,2,Free,Short,Excellent,Senior
CR00036,2025-02,16,0.0,Agile Project Management,Project Management,Free,Beginner,0.0,15.75,4.68,17.389830508474578,4.151299435028249,0.3615819209039548,16,0.0,0.0,16.0,0.0,2025-03,3,Free,Short,Excellent,Senior
CR00036,2025-03,16,0.0,Agile Project Management,Project Management,Free,Beginner,0.0,15.75,4.68,17.389830508474578,4.151299435028249,0.3615819209039548,16,0.0,0.0,15.0,0.0,2025-04,4,Free,Short,Excellent,Senior
CR00036,2025-04,15,0.0,Agile Project Management,Project Management,Free,Beginner,0.0,15.75,4.68,17.389830508474578,4.151299435028249,0.3615819209039548,15,0.0,0.0,19.0,0.0,2025-05,5,Free,Short,Excellent,Senior
CR00036,2025-05,19,0.0,Agile Project Management,Project Management,Free,Beginner,0.0,15.75,4.68,17.389830508474578,4.151299435028249,0.3615819209039548,19,0.0,0.0,8.0,0.0,2025-06,6,Free,Short,Excellent,Senior
CR00036,2025-06,8,0.0,Agile Project Management,Project Management,Free,Beginner,0.0,15.75,4.68,17.389830508474578,4.151299435028249,0.3615819209039548,8,0.0,0.0,13.0,0.0,2025-07,7,Free,Short,Excellent,Senior
CR00036,2025-07,13,0.0,Agile Project Management,Project Management,Free,Beginner,0.0,15.75,4.68,17.389830508474578,4.151299435028249,0.3615819209039548,13,0.0,0.0,16.0,0.0,2025-08,8,Free,Short,Excellent,Senior
CR00036,2025-08,16,0.0,Agile Project Management,Project Management,Free,Beginner,0.0,15.75,4.68,17.389830508474578,4.151299435028249,0.3615819209039548,16,0.0,0.0,12.0,0.0,2025-09,9,Free,Short,Excellent,Senior
CR00036,2025-09,12,0.0,Agile Project Management,Project Management,Free,Beginner,0.0,15.75,4.68,17.389830508474578,4.151299435028249,0.3615819209039548,12,0.0,0.0,15.0,0.0,2025-10,10,Free,Short,Excellent,Senior
CR00036,2025-10,15,0.0,Agile Project Management,Project Management,Free,Beginner,0.0,15.75,4.68,17.389830508474578,4.151299435028249,0.3615819209039548,15,0.0,0.0,16.0,0.0,2025-11,11,Free,Short,Excellent,Senior
CR00036,2025-11,16,0.0,Agile Project Management,Project Management,Free,Beginner,0.0,15.75,4.68,17.389830508474578,4.151299435028249,0.3615819209039548,16,0.0,0.0,16.0,0.0,2025-12,12,Free,Short,Excellent,Senior
CR00037,2025-01,15,0.0,Scrum Essentials,Project Management,Free,Intermediate,0.0,33.93,3.45,16.562091503267975,4.004313725490196,0.40522875816993464,15,0.0,0.0,19.0,0.0,2025-02,2,Free,Medium,Good,Senior
CR00037,2025-02,19,0.0,Scrum Essentials,Project Management,Free,Intermediate,0.0,33.93,3.45,16.562091503267975,4.004313725490196,0.40522875816993464,19,0.0,0.0,9.0,0.0,2025-03,3,Free,Medium,Good,Senior
CR00037,2025-03,9,0.0,Scrum Essentials,Project Management,Free,Intermediate,0.0,33.93,3.45,16.562091503267975,4.004313725490196,0.40522875816993464,9,0.0,0.0,15.0,0.0,2025-04,4,Free,Medium,Good,Senior
CR00037,2025-04,15,0.0,Scrum Essentials,Project Management,Free,Intermediate,0.0,33.93,3.45,16.562091503267975,4.004313725490196,0.40522875816993464,15,0.0,0.0,13.0,0.0,2025-05,5,Free,Medium,Good,Senior
CR00037,2025-05,13,0.0,Scrum Essentials,Project Management,Free,Intermediate,0.0,33.93,3.45,16.562091503267975,4.004313725490196,0.40522875816993464,13,0.0,0.0,15.0,0.0,2025-06,6,Free,Medium,Good,Senior
CR00037,2025-06,15,0.0,Scrum Essentials,Project Management,Free,Intermediate,0.0,33.93,3.45,16.562091503267975,4.004313725490196,0.40522875816993464,15,0.0,0.0,13.0,0.0,2025-07,7,Free,Medium,Good,Senior
CR00037,2025-07,13,0.0,Scrum Essentials,Project Management,Free,Intermediate,0.0,33.93,3.45,16.562091503267975,4.004313725490196,0.40522875816993464,13,0.0,0.0,12.0,0.0,2025-08,8,Free,Medium,Good,Senior
CR00037,2025-08,12,0.0,Scrum Essentials,Project Management,Free,Intermediate,0.0,33.93,3.45,16.562091503267975,4.004313725490196,0.40522875816993464,12,0.0,0.0,12.0,0.0,2025-09,9,Free,Medium,Good,Senior
CR00037,2025-09,12,0.0,Scrum Essentials,Project Management,Free,Intermediate,0.0,33.93,3.45,16.562091503267975,4.004313725490196,0.40522875816993464,12,0.0,0.0,11.0,0.0,2025-10,10,Free,Medium,Good,Senior
CR00037,2025-10,11,0.0,Scrum Essentials,Project Management,Free,Intermediate,0.0,33.93,3.45,16.562091503267975,4.004313725490196,0.40522875816993464,11,0.0,0.0,12.0,0.0,2025-11,11,Free,Medium,Good,Senior
CR00037,2025-11,12,0.0,Scrum Essentials,Project Management,Free,Intermediate,0.0,33.93,3.45,16.562091503267975,4.004313725490196,0.40522875816993464,12,0.0,0.0,7.0,0.0,2025-12,12,Free,Medium,Good,Senior
CR00038,2025-01,15,5139.150000000001,Risk Management,Project Management,Paid,Intermediate,342.61,17.14,4.84,17.29746835443038,4.165569620253164,0.34177215189873417,15,5139.150000000001,342.61,7.0,2398.27,2025-02,2,High,Short,Excellent,Senior
CR00038,2025-02,7,2398.27,Risk Management,Project Management,Paid,Intermediate,342.61,17.14,4.84,17.29746835443038,4.165569620253164,0.34177215189873417,7,3768.71,342.61,12.0,4111.32,2025-03,3,High,Short,Excellent,Senior
CR00038,2025-03,12,4111.32,Risk Management,Project Management,Paid,Intermediate,342.61,17.14,4.84,17.29746835443038,4.165569620253164,0.34177215189873417,12,3882.9133333333334,342.60999999999996,19.0,6509.59,2025-04,4,High,Short,Excellent,Senior
CR00038,2025-04,19,6509.59,Risk Management,Project Management,Paid,Intermediate,342.61,17.14,4.84,17.29746835443038,4.165569620253164,0.34177215189873417,19,4539.5825,342.61,13.0,4453.93,2025-05,5,High,Short,Excellent,Senior
CR00038,2025-05,13,4453.93,Risk Management,Project Management,Paid,Intermediate,342.61,17.14,4.84,17.29746835443038,4.165569620253164,0.34177215189873417,13,4522.452,342.61,18.0,6166.9800000000005,2025-06,6,High,Short,Excellent,Senior
CR00038,2025-06,18,6166.9800000000005,Risk Management,Project Management,Paid,Intermediate,342.61,17.14,4.84,17.29746835443038,4.165569620253164,0.34177215189873417,18,4796.54,342.61,8.0,2740.88,2025-07,7,High,Short,Excellent,Senior
CR00038,2025-07,8,2740.88,Risk Management,Project Management,Paid,Intermediate,342.61,17.14,4.84,17.29746835443038,4.165569620253164,0.34177215189873417,8,4502.874285714286,342.61,10.0,3426.1000000000004,2025-08,8,High,Short,Excellent,Senior
CR00038,2025-08,10,3426.1000000000004,Risk Management,Project Management,Paid,Intermediate,342.61,17.14,4.84,17.29746835443038,4.165569620253164,0.34177215189873417,10,4368.2775,342.61,16.0,5481.76,2025-09,9,High,Short,Excellent,Senior
CR00038,2025-09,16,5481.76,Risk Management,Project Management,Paid,Intermediate,342.61,17.14,4.84,17.29746835443038,4.165569620253164,0.34177215189873417,16,4491.9977777777785,342.61,8.0,2740.88,2025-10,10,High,Short,Excellent,Senior
CR00038,2025-10,8,2740.88,Risk Management,Project Management,Paid,Intermediate,342.61,17.14,4.84,17.29746835443038,4.165569620253164,0.34177215189873417,8,4316.886,342.61,17.0,5824.37,2025-11,11,High,Short,Excellent,Senior
CR00038,2025-11,17,5824.37,Risk Management,Project Management,Paid,Intermediate,342.61,17.14,4.84,17.29746835443038,4.165569620253164,0.34177215189873417,17,4453.93,342.61,15.0,5139.150000000001,2025-12,12,High,Short,Excellent,Senior
CR00039,2025-01,7,2426.97,Project Planning,Project Management,Paid,Advanced,346.71,3.42,1.23,16.934131736526947,4.1438922155688624,0.3712574850299401,7,2426.97,346.71,11.0,3813.81,2025-02,2,High,Short,Developing,Senior
CR00039,2025-02,11,3813.81,Project Planning,Project Management,Paid,Advanced,346.71,3.42,1.23,16.934131736526947,4.1438922155688624,0.3712574850299401,11,3120.39,346.71,17.0,5894.07,2025-03,3,High,Short,Developing,Senior
CR00039,2025-03,17,5894.07,Project Planning,Project Management,Paid,Advanced,346.71,3.42,1.23,16.934131736526947,4.1438922155688624,0.3712574850299401,17,4044.9499999999994,346.71,12.0,4160.5199999999995,2025-04,4,High,Short,Developing,Senior
CR00039,2025-04,12,4160.5199999999995,Project Planning,Project Management,Paid,Advanced,346.71,3.42,1.23,16.934131736526947,4.1438922155688624,0.3712574850299401,12,4073.8424999999997,346.71,14.0,4853.94,2025-05,5,High,Short,Developing,Senior
CR00039,2025-05,14,4853.94,Project Planning,Project Management,Paid,Advanced,346.71,3.42,1.23,16.934131736526947,4.1438922155688624,0.3712574850299401,14,4229.861999999999,346.71,9.0,3120.39,2025-06,6,High,Short,Developing,Senior
CR00039,2025-06,9,3120.39,Project Planning,Project Management,Paid,Advanced,346.71,3.42,1.23,16.934131736526947,4.1438922155688624,0.3712574850299401,9,4044.9499999999994,346.71,14.0,4853.94,2025-07,7,High,Short,Developing,Senior
CR00039,2025-07,14,4853.94,Project Planning,Project Management,Paid,Advanced,346.71,3.42,1.23,16.934131736526947,4.1438922155688624,0.3712574850299401,14,4160.5199999999995,346.71,22.0,7627.62,2025-08,8,High,Short,Developing,Senior
CR00039,2025-08,22,7627.62,Project Planning,Project Management,Paid,Advanced,346.71,3.42,1.23,16.934131736526947,4.1438922155688624,0.3712574850299401,22,4593.907499999999,346.71,18.0,6240.78,2025-09,9,High,Short,Developing,Senior
CR00039,2025-09,18,6240.78,Project Planning,Project Management,Paid,Advanced,346.71,3.42,1.23,16.934131736526947,4.1438922155688624,0.3712574850299401,18,4776.8933333333325,346.71,16.0,5547.36,2025-10,10,High,Short,Developing,Senior
CR00039,2025-10,16,5547.36,Project Planning,Project Management,Paid,Advanced,346.71,3.42,1.23,16.934131736526947,4.1438922155688624,0.3712574850299401,16,4853.94,346.71,14.0,4853.94,2025-11,11,High,Short,Developing,Senior
CR00039,2025-11,14,4853.94,Project Planning,Project Management,Paid,Advanced,346.71,3.42,1.23,16.934131736526947,4.1438922155688624,0.3712574850299401,14,4853.94,346.71,13.0,4507.23,2025-12,12,High,Short,Developing,Senior
CR00040,2025-01,17,5575.83,Leadership in Projects,Project Management,Paid,Beginner,327.99,12.13,1.51,17.29310344827586,4.0952873563218395,0.3563218390804598,17,5575.83,327.99,10.0,3279.9,2025-02,2,High,Short,Developing,Senior
CR00040,2025-02,10,3279.9,Leadership in Projects,Project Management,Paid,Beginner,327.99,12.13,1.51,17.29310344827586,4.0952873563218395,0.3563218390804598,10,4427.865,327.99,20.0,6559.8,2025-03,3,High,Short,Developing,Senior
CR00040,2025-03,20,6559.8,Leadership in Projects,Project Management,Paid,Beginner,327.99,12.13,1.51,17.29310344827586,4.0952873563218395,0.3563218390804598,20,5138.51,327.99,11.0,3607.8900000000003,2025-04,4,High,Short,Developing,Senior
CR00040,2025-04,11,3607.8900000000003,Leadership in Projects,Project Management,Paid,Beginner,327.99,12.13,1.51,17.29310344827586,4.0952873563218395,0.3563218390804598,11,4755.8550000000005,327.99,14.0,4591.860000000001,2025-05,5,High,Short,Developing,Senior
CR00040,2025-05,14,4591.860000000001,Leadership in Projects,Project Management,Paid,Beginner,327.99,12.13,1.51,17.29310344827586,4.0952873563218395,0.3563218390804598,14,4723.0560000000005,327.99000000000007,16.0,5247.84,2025-06,6,High,Short,Developing,Senior
CR00040,2025-06,16,5247.84,Leadership in Projects,Project Management,Paid,Beginner,327.99,12.13,1.51,17.29310344827586,4.0952873563218395,0.3563218390804598,16,4810.52,327.99,15.0,4919.85,2025-07,7,High,Short,Developing,Senior
CR00040,2025-07,15,4919.85,Leadership in Projects,Project Management,Paid,Beginner,327.99,12.13,1.51,17.29310344827586,4.0952873563218395,0.3563218390804598,15,4826.138571428572,327.99,14.0,4591.860000000001,2025-08,8,High,Short,Developing,Senior
CR00040,2025-08,14,4591.860000000001,Leadership in Projects,Project Management,Paid,Beginner,327.99,12.13,1.51,17.29310344827586,4.0952873563218395,0.3563218390804598,14,4796.85375,327.99000000000007,9.0,2951.91,2025-09,9,High,Short,Developing,Senior
CR00040,2025-09,9,2951.91,Leadership in Projects,Project Management,Paid,Beginner,327.99,12.13,1.51,17.29310344827586,4.0952873563218395,0.3563218390804598,9,4591.860000000001,327.99,15.0,4919.85,2025-10,10,High,Short,Developing,Senior
CR00040,2025-10,15,4919.85,Leadership in Projects,Project Management,Paid,Beginner,327.99,12.13,1.51,17.29310344827586,4.0952873563218395,0.3563218390804598,15,4624.659000000001,327.99,18.0,5903.82,2025-11,11,High,Short,Developing,Senior
CR00040,2025-11,18,5903.82,Leadership in Projects,Project Management,Paid,Beginner,327.99,12.13,1.51,17.29310344827586,4.0952873563218395,0.3563218390804598,18,4740.946363636364,327.99,15.0,4919.85,2025-12,12,High,Short,Developing,Senior
CR00041,2025-01,14,754.04,Financial Accounting,Finance,Paid,Beginner,53.86,47.08,2.47,17.542168674698797,4.344879518072289,0.30120481927710846,14,754.04,53.86,9.0,484.74,2025-02,2,Low,Long,Developing,Senior
CR00041,2025-02,9,484.74,Financial Accounting,Finance,Paid,Beginner,53.86,47.08,2.47,17.542168674698797,4.344879518072289,0.30120481927710846,9,619.39,53.86,11.0,592.46,2025-03,3,Low,Long,Developing,Senior
CR00041,2025-03,11,592.46,Financial Accounting,Finance,Paid,Beginner,53.86,47.08,2.47,17.542168674698797,4.344879518072289,0.30120481927710846,11,610.4133333333333,53.86000000000001,14.0,754.04,2025-04,4,Low,Long,Developing,Senior
CR00041,2025-04,14,754.04,Financial Accounting,Finance,Paid,Beginner,53.86,47.08,2.47,17.542168674698797,4.344879518072289,0.30120481927710846,14,646.3199999999999,53.86,17.0,915.62,2025-05,5,Low,Long,Developing,Senior
CR00041,2025-05,17,915.62,Financial Accounting,Finance,Paid,Beginner,53.86,47.08,2.47,17.542168674698797,4.344879518072289,0.30120481927710846,17,700.1800000000001,53.86,19.0,1023.34,2025-06,6,Low,Long,Developing,Senior
CR00041,2025-06,19,1023.34,Financial Accounting,Finance,Paid,Beginner,53.86,47.08,2.47,17.542168674698797,4.344879518072289,0.30120481927710846,19,754.04,53.86,14.0,754.04,2025-07,7,Low,Long,Developing,Senior
CR00041,2025-07,14,754.04,Financial Accounting,Finance,Paid,Beginner,53.86,47.08,2.47,17.542168674698797,4.344879518072289,0.30120481927710846,14,754.04,53.86,14.0,754.04,2025-08,8,Low,Long,Developing,Senior
CR00041,2025-08,14,754.04,Financial Accounting,Finance,Paid,Beginner,53.86,47.08,2.47,17.542168674698797,4.344879518072289,0.30120481927710846,14,754.04,53.86,10.0,538.6,2025-09,9,Low,Long,Developing,Senior
CR00041,2025-09,10,538.6,Financial Accounting,Finance,Paid,Beginner,53.86,47.08,2.47,17.542168674698797,4.344879518072289,0.30120481927710846,10,730.1022222222223,53.86,19.0,1023.34,2025-10,10,Low,Long,Developing,Senior
CR00041,2025-10,19,1023.34,Financial Accounting,Finance,Paid,Beginner,53.86,47.08,2.47,17.542168674698797,4.344879518072289,0.30120481927710846,19,759.426,53.86,15.0,807.9,2025-11,11,Low,Long,Developing,Senior
CR00041,2025-11,15,807.9,Financial Accounting,Finance,Paid,Beginner,53.86,47.08,2.47,17.542168674698797,4.344879518072289,0.30120481927710846,15,763.8327272727273,53.86,10.0,538.6,2025-12,12,Low,Long,Developing,Senior
CR00042,2025-01,15,0.0,Investment Strategies,Finance,Free,Intermediate,0.0,34.83,4.1,14.612021857923498,4.150437158469945,0.46994535519125685,15,0.0,0.0,18.0,0.0,2025-02,2,Free,Medium,Excellent,Senior
CR00042,2025-02,18,0.0,Investment Strategies,Finance,Free,Intermediate,0.0,34.83,4.1,14.612021857923498,4.150437158469945,0.46994535519125685,18,0.0,0.0,11.0,0.0,2025-03,3,Free,Medium,Excellent,Senior
CR00042,2025-03,11,0.0,Investment Strategies,Finance,Free,Intermediate,0.0,34.83,4.1,14.612021857923498,4.150437158469945,0.46994535519125685,11,0.0,0.0,17.0,0.0,2025-04,4,Free,Medium,Excellent,Senior
CR00042,2025-04,17,0.0,Investment Strategies,Finance,Free,Intermediate,0.0,34.83,4.1,14.612021857923498,4.150437158469945,0.46994535519125685,17,0.0,0.0,18.0,0.0,2025-05,5,Free,Medium,Excellent,Senior
CR00042,2025-05,18,0.0,Investment Strategies,Finance,Free,Intermediate,0.0,34.83,4.1,14.612021857923498,4.150437158469945,0.46994535519125685,18,0.0,0.0,9.0,0.0,2025-06,6,Free,Medium,Excellent,Senior
CR00042,2025-06,9,0.0,Investment Strategies,Finance,Free,Intermediate,0.0,34.83,4.1,14.612021857923498,4.150437158469945,0.46994535519125685,9,0.0,0.0,20.0,0.0,2025-07,7,Free,Medium,Excellent,Senior
CR00042,2025-07,20,0.0,Investment Strategies,Finance,Free,Intermediate,0.0,34.83,4.1,14.612021857923498,4.150437158469945,0.46994535519125685,20,0.0,0.0,20.0,0.0,2025-08,8,Free,Medium,Excellent,Senior
CR00042,2025-08,20,0.0,Investment Strategies,Finance,Free,Intermediate,0.0,34.83,4.1,14.612021857923498,4.150437158469945,0.46994535519125685,20,0.0,0.0,18.0,0.0,2025-09,9,Free,Medium,Excellent,Senior
CR00042,2025-09,18,0.0,Investment Strategies,Finance,Free,Intermediate,0.0,34.83,4.1,14.612021857923498,4.150437158469945,0.46994535519125685,18,0.0,0.0,10.0,0.0,2025-10,10,Free,Medium,Excellent,Senior
CR00042,2025-10,10,0.0,Investment Strategies,Finance,Free,Intermediate,0.0,34.83,4.1,14.612021857923498,4.150437158469945,0.46994535519125685,10,0.0,0.0,11.0,0.0,2025-11,11,Free,Medium,Excellent,Senior
CR00042,2025-11,11,0.0,Investment Strategies,Finance,Free,Intermediate,0.0,34.83,4.1,14.612021857923498,4.150437158469945,0.46994535519125685,11,0.0,0.0,16.0,0.0,2025-12,12,Free,Medium,Excellent,Senior
CR00043,2025-01,22,0.0,Corporate Finance,Finance,Free,Beginner,0.0,31.77,4.14,16.36813186813187,4.235659340659341,0.37362637362637363,22,0.0,0.0,12.0,0.0,2025-02,2,Free,Medium,Excellent,Senior
CR00043,2025-02,12,0.0,Corporate Finance,Finance,Free,Beginner,0.0,31.77,4.14,16.36813186813187,4.235659340659341,0.37362637362637363,12,0.0,0.0,11.0,0.0,2025-03,3,Free,Medium,Excellent,Senior
CR00043,2025-03,11,0.0,Corporate Finance,Finance,Free,Beginner,0.0,31.77,4.14,16.36813186813187,4.235659340659341,0.37362637362637363,11,0.0,0.0,13.0,0.0,2025-04,4,Free,Medium,Excellent,Senior
CR00043,2025-04,13,0.0,Corporate Finance,Finance,Free,Beginner,0.0,31.77,4.14,16.36813186813187,4.235659340659341,0.37362637362637363,13,0.0,0.0,17.0,0.0,2025-05,5,Free,Medium,Excellent,Senior
CR00043,2025-05,17,0.0,Corporate Finance,Finance,Free,Beginner,0.0,31.77,4.14,16.36813186813187,4.235659340659341,0.37362637362637363,17,0.0,0.0,13.0,0.0,2025-06,6,Free,Medium,Excellent,Senior
CR00043,2025-06,13,0.0,Corporate Finance,Finance,Free,Beginner,0.0,31.77,4.14,16.36813186813187,4.235659340659341,0.37362637362637363,13,0.0,0.0,13.0,0.0,2025-07,7,Free,Medium,Excellent,Senior
CR00043,2025-07,13,0.0,Corporate Finance,Finance,Free,Beginner,0.0,31.77,4.14,16.36813186813187,4.235659340659341,0.37362637362637363,13,0.0,0.0,12.0,0.0,2025-08,8,Free,Medium,Excellent,Senior
CR00043,2025-08,12,0.0,Corporate Finance,Finance,Free,Beginner,0.0,31.77,4.14,16.36813186813187,4.235659340659341,0.37362637362637363,12,0.0,0.0,16.0,0.0,2025-09,9,Free,Medium,Excellent,Senior
CR00043,2025-09,16,0.0,Corporate Finance,Finance,Free,Beginner,0.0,31.77,4.14,16.36813186813187,4.235659340659341,0.37362637362637363,16,0.0,0.0,19.0,0.0,2025-10,10,Free,Medium,Excellent,Senior
CR00043,2025-10,19,0.0,Corporate Finance,Finance,Free,Beginner,0.0,31.77,4.14,16.36813186813187,4.235659340659341,0.37362637362637363,19,0.0,0.0,14.0,0.0,2025-11,11,Free,Medium,Excellent,Senior
CR00043,2025-11,14,0.0,Corporate Finance,Finance,Free,Beginner,0.0,31.77,4.14,16.36813186813187,4.235659340659341,0.37362637362637363,14,0.0,0.0,20.0,0.0,2025-12,12,Free,Medium,Excellent,Senior
CR00044,2025-01,10,1190.4,Personal Finance,Finance,Paid,Intermediate,119.04,23.41,2.75,16.96894409937888,4.379751552795031,0.33540372670807456,10,1190.4,119.04,13.0,1547.52,2025-02,2,Low,Medium,Developing,Senior
CR00044,2025-02,13,1547.52,Personal Finance,Finance,Paid,Intermediate,119.04,23.41,2.75,16.96894409937888,4.379751552795031,0.33540372670807456,13,1368.96,119.03999999999999,14.0,1666.5600000000002,2025-03,3,Low,Medium,Developing,Senior
CR00044,2025-03,14,1666.5600000000002,Personal Finance,Finance,Paid,Intermediate,119.04,23.41,2.75,16.96894409937888,4.379751552795031,0.33540372670807456,14,1468.16,119.04,8.0,952.32,2025-04,4,Low,Medium,Developing,Senior
CR00044,2025-04,8,952.32,Personal Finance,Finance,Paid,Intermediate,119.04,23.41,2.75,16.96894409937888,4.379751552795031,0.33540372670807456,8,1339.2,119.04,9.0,1071.3600000000001,2025-05,5,Low,Medium,Developing,Senior
CR00044,2025-05,9,1071.3600000000001,Personal Finance,Finance,Paid,Intermediate,119.04,23.41,2.75,16.96894409937888,4.379751552795031,0.33540372670807456,9,1285.632,119.04000000000002,22.0,2618.88,2025-06,6,Low,Medium,Developing,Senior
CR00044,2025-06,22,2618.88,Personal Finance,Finance,Paid,Intermediate,119.04,23.41,2.75,16.96894409937888,4.379751552795031,0.33540372670807456,22,1507.8400000000001,119.04,17.0,2023.68,2025-07,7,Low,Medium,Developing,Senior
CR00044,2025-07,17,2023.68,Personal Finance,Finance,Paid,Intermediate,119.04,23.41,2.75,16.96894409937888,4.379751552795031,0.33540372670807456,17,1581.5314285714287,119.04,18.0,2142.7200000000003,2025-08,8,Low,Medium,Developing,Senior
CR00044,2025-08,18,2142.7200000000003,Personal Finance,Finance,Paid,Intermediate,119.04,23.41,2.75,16.96894409937888,4.379751552795031,0.33540372670807456,18,1651.68,119.04000000000002,15.0,1785.6000000000001,2025-09,9,Low,Medium,Developing,Senior
CR00044,2025-09,15,1785.6000000000001,Personal Finance,Finance,Paid,Intermediate,119.04,23.41,2.75,16.96894409937888,4.379751552795031,0.33540372670807456,15,1666.5600000000002,119.04,9.0,1071.3600000000001,2025-10,10,Low,Medium,Developing,Senior
CR00044,2025-10,9,1071.3600000000001,Personal Finance,Finance,Paid,Intermediate,119.04,23.41,2.75,16.96894409937888,4.379751552795031,0.33540372670807456,9,1607.0400000000002,119.04000000000002,13.0,1547.52,2025-11,11,Low,Medium,Developing,Senior
CR00044,2025-11,13,1547.52,Personal Finance,Finance,Paid,Intermediate,119.04,23.41,2.75,16.96894409937888,4.379751552795031,0.33540372670807456,13,1601.629090909091,119.03999999999999,13.0,1547.52,2025-12,12,Low,Medium,Developing,Senior
CR00045,2025-01,14,0.0,Financial Modeling,Finance,Free,Advanced,0.0,6.36,1.59,16.424418604651162,4.2875,0.3546511627906977,14,0.0,0.0,13.0,0.0,2025-02,2,Free,Short,Developing,Senior
CR00045,2025-02,13,0.0,Financial Modeling,Finance,Free,Advanced,0.0,6.36,1.59,16.424418604651162,4.2875,0.3546511627906977,13,0.0,0.0,16.0,0.0,2025-03,3,Free,Short,Developing,Senior
CR00045,2025-03,16,0.0,Financial Modeling,Finance,Free,Advanced,0.0,6.36,1.59,16.424418604651162,4.2875,0.3546511627906977,16,0.0,0.0,18.0,0.0,2025-04,4,Free,Short,Developing,Senior
CR00045,2025-04,18,0.0,Financial Modeling,Finance,Free,Advanced,0.0,6.36,1.59,16.424418604651162,4.2875,0.3546511627906977,18,0.0,0.0,9.0,0.0,2025-05,5,Free,Short,Developing,Senior
CR00045,2025-05,9,0.0,Financial Modeling,Finance,Free,Advanced,0.0,6.36,1.59,16.424418604651162,4.2875,0.3546511627906977,9,0.0,0.0,16.0,0.0,2025-06,6,Free,Short,Developing,Senior
CR00045,2025-06,16,0.0,Financial Modeling,Finance,Free,Advanced,0.0,6.36,1.59,16.424418604651162,4.2875,0.3546511627906977,16,0.0,0.0,18.0,0.0,2025-07,7,Free,Short,Developing,Senior
CR00045,2025-07,18,0.0,Financial Modeling,Finance,Free,Advanced,0.0,6.36,1.59,16.424418604651162,4.2875,0.3546511627906977,18,0.0,0.0,12.0,0.0,2025-08,8,Free,Short,Developing,Senior
CR00045,2025-08,12,0.0,Financial Modeling,Finance,Free,Advanced,0.0,6.36,1.59,16.424418604651162,4.2875,0.3546511627906977,12,0.0,0.0,15.0,0.0,2025-09,9,Free,Short,Developing,Senior
CR00045,2025-09,15,0.0,Financial Modeling,Finance,Free,Advanced,0.0,6.36,1.59,16.424418604651162,4.2875,0.3546511627906977,15,0.0,0.0,15.0,0.0,2025-10,10,Free,Short,Developing,Senior
CR00045,2025-10,15,0.0,Financial Modeling,Finance,Free,Advanced,0.0,6.36,1.59,16.424418604651162,4.2875,0.3546511627906977,15,0.0,0.0,14.0,0.0,2025-11,11,Free,Short,Developing,Senior
CR00045,2025-11,14,0.0,Financial Modeling,Finance,Free,Advanced,0.0,6.36,1.59,16.424418604651162,4.2875,0.3546511627906977,14,0.0,0.0,12.0,0.0,2025-12,12,Free,Short,Developing,Senior
CR00046,2025-01,12,2977.2,AI for Beginners,Artificial Intelligence,Paid,Beginner,248.1,9.4,1.2,16.514285714285716,4.051,0.34285714285714286,12,2977.2,248.1,17.0,4217.7,2025-02,2,Low,Short,Developing,Senior
CR00046,2025-02,17,4217.7,AI for Beginners,Artificial Intelligence,Paid,Beginner,248.1,9.4,1.2,16.514285714285716,4.051,0.34285714285714286,17,3597.45,248.1,13.0,3225.2999999999997,2025-03,3,Low,Short,Developing,Senior
CR00046,2025-03,13,3225.2999999999997,AI for Beginners,Artificial Intelligence,Paid,Beginner,248.1,9.4,1.2,16.514285714285716,4.051,0.34285714285714286,13,3473.3999999999996,248.09999999999997,14.0,3473.4,2025-04,4,Low,Short,Developing,Senior
CR00046,2025-04,14,3473.4,AI for Beginners,Artificial Intelligence,Paid,Beginner,248.1,9.4,1.2,16.514285714285716,4.051,0.34285714285714286,14,3473.3999999999996,248.1,14.0,3473.4,2025-05,5,Low,Short,Developing,Senior
CR00046,2025-05,14,3473.4,AI for Beginners,Artificial Intelligence,Paid,Beginner,248.1,9.4,1.2,16.514285714285716,4.051,0.34285714285714286,14,3473.4,248.1,11.0,2729.1,2025-06,6,Low,Short,Developing,Senior
CR00046,2025-06,11,2729.1,AI for Beginners,Artificial Intelligence,Paid,Beginner,248.1,9.4,1.2,16.514285714285716,4.051,0.34285714285714286,11,3349.35,248.1,8.0,1984.8,2025-07,7,Low,Short,Developing,Senior
CR00046,2025-07,8,1984.8,AI for Beginners,Artificial Intelligence,Paid,Beginner,248.1,9.4,1.2,16.514285714285716,4.051,0.34285714285714286,8,3154.4142857142856,248.1,12.0,2977.2,2025-08,8,Low,Short,Developing,Senior
CR00046,2025-08,12,2977.2,AI for Beginners,Artificial Intelligence,Paid,Beginner,248.1,9.4,1.2,16.514285714285716,4.051,0.34285714285714286,12,3132.2625,248.1,9.0,2232.9,2025-09,9,Low,Short,Developing,Senior
CR00046,2025-09,9,2232.9,AI for Beginners,Artificial Intelligence,Paid,Beginner,248.1,9.4,1.2,16.514285714285716,4.051,0.34285714285714286,9,3032.3333333333335,248.10000000000002,10.0,2481.0,2025-10,10,Low,Short,Developing,Senior
CR00046,2025-10,10,2481.0,AI for Beginners,Artificial Intelligence,Paid,Beginner,248.1,9.4,1.2,16.514285714285716,4.051,0.34285714285714286,10,2977.2,248.1,14.0,3473.4,2025-11,11,Low,Short,Developing,Senior
CR00046,2025-11,14,3473.4,AI for Beginners,Artificial Intelligence,Paid,Beginner,248.1,9.4,1.2,16.514285714285716,4.051,0.34285714285714286,14,3022.309090909091,248.1,6.0,1488.6,2025-12,12,Low,Short,Developing,Senior
CR00047,2025-01,18,1612.6200000000001,Natural Language Processing,Artificial Intelligence,Paid,Intermediate,89.59,1.55,2.68,15.265060240963855,3.9598795180722894,0.40963855421686746,18,1612.6200000000001,89.59,15.0,1343.8500000000001,2025-02,2,Low,Short,Developing,Senior
CR00047,2025-02,15,1343.8500000000001,Natural Language Processing,Artificial Intelligence,Paid,Intermediate,89.59,1.55,2.68,15.265060240963855,3.9598795180722894,0.40963855421686746,15,1478.2350000000001,89.59,17.0,1523.03,2025-03,3,Low,Short,Developing,Senior
CR00047,2025-03,17,1523.03,Natural Language Processing,Artificial Intelligence,Paid,Intermediate,89.59,1.55,2.68,15.265060240963855,3.9598795180722894,0.40963855421686746,17,1493.1666666666667,89.59,9.0,806.3100000000001,2025-04,4,Low,Short,Developing,Senior
CR00047,2025-04,9,806.3100000000001,Natural Language Processing,Artificial Intelligence,Paid,Intermediate,89.59,1.55,2.68,15.265060240963855,3.9598795180722894,0.40963855421686746,9,1321.4525,89.59,13.0,1164.67,2025-05,5,Low,Short,Developing,Senior
CR00047,2025-05,13,1164.67,Natural Language Processing,Artificial Intelligence,Paid,Intermediate,89.59,1.55,2.68,15.265060240963855,3.9598795180722894,0.40963855421686746,13,1290.096,89.59,14.0,1254.26,2025-06,6,Low,Short,Developing,Senior
CR00047,2025-06,14,1254.26,Natural Language Processing,Artificial Intelligence,Paid,Intermediate,89.59,1.55,2.68,15.265060240963855,3.9598795180722894,0.40963855421686746,14,1284.1233333333334,89.59,16.0,1433.44,2025-07,7,Low,Short,Developing,Senior
CR00047,2025-07,16,1433.44,Natural Language Processing,Artificial Intelligence,Paid,Intermediate,89.59,1.55,2.68,15.265060240963855,3.9598795180722894,0.40963855421686746,16,1305.4542857142858,89.59,10.0,895.9000000000001,2025-08,8,Low,Short,Developing,Senior
CR00047,2025-08,10,895.9000000000001,Natural Language Processing,Artificial Intelligence,Paid,Intermediate,89.59,1.55,2.68,15.265060240963855,3.9598795180722894,0.40963855421686746,10,1254.26,89.59,10.0,895.9000000000001,2025-09,9,Low,Short,Developing,Senior
CR00047,2025-09,10,895.9000000000001,Natural Language Processing,Artificial Intelligence,Paid,Intermediate,89.59,1.55,2.68,15.265060240963855,3.9598795180722894,0.40963855421686746,10,1214.4422222222224,89.59,13.0,1164.67,2025-10,10,Low,Short,Developing,Senior
CR00047,2025-10,13,1164.67,Natural Language Processing,Artificial Intelligence,Paid,Intermediate,89.59,1.55,2.68,15.265060240963855,3.9598795180722894,0.40963855421686746,13,1209.4650000000001,89.59,18.0,1612.6200000000001,2025-11,11,Low,Short,Developing,Senior
CR00047,2025-11,18,1612.6200000000001,Natural Language Processing,Artificial Intelligence,Paid,Intermediate,89.59,1.55,2.68,15.265060240963855,3.9598795180722894,0.40963855421686746,18,1246.1154545454547,89.59,13.0,1164.67,2025-12,12,Low,Short,Developing,Senior
CR00048,2025-01,13,0.0,AI Ethics,Artificial Intelligence,Free,Beginner,0.0,42.7,3.64,15.844086021505376,4.057526881720429,0.3655913978494624,13,0.0,0.0,19.0,0.0,2025-02,2,Free,Long,Good,Senior
CR00048,2025-02,19,0.0,AI Ethics,Artificial Intelligence,Free,Beginner,0.0,42.7,3.64,15.844086021505376,4.057526881720429,0.3655913978494624,19,0.0,0.0,19.0,0.0,2025-03,3,Free,Long,Good,Senior
CR00048,2025-03,19,0.0,AI Ethics,Artificial Intelligence,Free,Beginner,0.0,42.7,3.64,15.844086021505376,4.057526881720429,0.3655913978494624,19,0.0,0.0,13.0,0.0,2025-04,4,Free,Long,Good,Senior
CR00048,2025-04,13,0.0,AI Ethics,Artificial Intelligence,Free,Beginner,0.0,42.7,3.64,15.844086021505376,4.057526881720429,0.3655913978494624,13,0.0,0.0,16.0,0.0,2025-05,5,Free,Long,Good,Senior
CR00048,2025-05,16,0.0,AI Ethics,Artificial Intelligence,Free,Beginner,0.0,42.7,3.64,15.844086021505376,4.057526881720429,0.3655913978494624,16,0.0,0.0,15.0,0.0,2025-06,6,Free,Long,Good,Senior
CR00048,2025-06,15,0.0,AI Ethics,Artificial Intelligence,Free,Beginner,0.0,42.7,3.64,15.844086021505376,4.057526881720429,0.3655913978494624,15,0.0,0.0,14.0,0.0,2025-07,7,Free,Long,Good,Senior
CR00048,2025-07,14,0.0,AI Ethics,Artificial Intelligence,Free,Beginner,0.0,42.7,3.64,15.844086021505376,4.057526881720429,0.3655913978494624,14,0.0,0.0,22.0,0.0,2025-08,8,Free,Long,Good,Senior
CR00048,2025-08,22,0.0,AI Ethics,Artificial Intelligence,Free,Beginner,0.0,42.7,3.64,15.844086021505376,4.057526881720429,0.3655913978494624,22,0.0,0.0,12.0,0.0,2025-09,9,Free,Long,Good,Senior
CR00048,2025-09,12,0.0,AI Ethics,Artificial Intelligence,Free,Beginner,0.0,42.7,3.64,15.844086021505376,4.057526881720429,0.3655913978494624,12,0.0,0.0,8.0,0.0,2025-10,10,Free,Long,Good,Senior
CR00048,2025-10,8,0.0,AI Ethics,Artificial Intelligence,Free,Beginner,0.0,42.7,3.64,15.844086021505376,4.057526881720429,0.3655913978494624,8,0.0,0.0,13.0,0.0,2025-11,11,Free,Long,Good,Senior
CR00048,2025-11,13,0.0,AI Ethics,Artificial Intelligence,Free,Beginner,0.0,42.7,3.64,15.844086021505376,4.057526881720429,0.3655913978494624,13,0.0,0.0,22.0,0.0,2025-12,12,Free,Long,Good,Senior
CR00049,2025-01,22,9141.22,Deep Learning,Artificial Intelligence,Paid,Intermediate,415.51,28.33,3.11,15.39877300613497,4.038711656441717,0.39263803680981596,22,9141.22,415.51,11.0,4570.61,2025-02,2,High,Medium,Good,Senior
CR00049,2025-02,11,4570.61,Deep Learning,Artificial Intelligence,Paid,Intermediate,415.51,28.33,3.11,15.39877300613497,4.038711656441717,0.39263803680981596,11,6855.914999999999,415.51,12.0,4986.12,2025-03,3,High,Medium,Good,Senior
CR00049,2025-03,12,4986.12,Deep Learning,Artificial Intelligence,Paid,Intermediate,415.51,28.33,3.11,15.39877300613497,4.038711656441717,0.39263803680981596,12,6232.649999999999,415.51,10.0,4155.1,2025-04,4,High,Medium,Good,Senior
CR00049,2025-04,10,4155.1,Deep Learning,Artificial Intelligence,Paid,Intermediate,415.51,28.33,3.11,15.39877300613497,4.038711656441717,0.39263803680981596,10,5713.2625,415.51000000000005,10.0,4155.1,2025-05,5,High,Medium,Good,Senior
CR00049,2025-05,10,4155.1,Deep Learning,Artificial Intelligence,Paid,Intermediate,415.51,28.33,3.11,15.39877300613497,4.038711656441717,0.39263803680981596,10,5401.63,415.51000000000005,13.0,5401.63,2025-06,6,High,Medium,Good,Senior
CR00049,2025-06,13,5401.63,Deep Learning,Artificial Intelligence,Paid,Intermediate,415.51,28.33,3.11,15.39877300613497,4.038711656441717,0.39263803680981596,13,5401.63,415.51,15.0,6232.65,2025-07,7,High,Medium,Good,Senior
CR00049,2025-07,15,6232.65,Deep Learning,Artificial Intelligence,Paid,Intermediate,415.51,28.33,3.11,15.39877300613497,4.038711656441717,0.39263803680981596,15,5520.347142857143,415.51,11.0,4570.61,2025-08,8,High,Medium,Good,Senior
CR00049,2025-08,11,4570.61,Deep Learning,Artificial Intelligence,Paid,Intermediate,415.51,28.33,3.11,15.39877300613497,4.038711656441717,0.39263803680981596,11,5401.63,415.51,11.0,4570.61,2025-09,9,High,Medium,Good,Senior
CR00049,2025-09,11,4570.61,Deep Learning,Artificial Intelligence,Paid,Intermediate,415.51,28.33,3.11,15.39877300613497,4.038711656441717,0.39263803680981596,11,5309.294444444445,415.51,15.0,6232.65,2025-10,10,High,Medium,Good,Senior
CR00049,2025-10,15,6232.65,Deep Learning,Artificial Intelligence,Paid,Intermediate,415.51,28.33,3.11,15.39877300613497,4.038711656441717,0.39263803680981596,15,5401.629999999999,415.51,17.0,7063.67,2025-11,11,High,Medium,Good,Senior
CR00049,2025-11,17,7063.67,Deep Learning,Artificial Intelligence,Paid,Intermediate,415.51,28.33,3.11,15.39877300613497,4.038711656441717,0.39263803680981596,17,5552.7245454545455,415.51,16.0,6648.16,2025-12,12,High,Medium,Good,Senior
CR00050,2025-01,15,7363.5,Computer Vision,Artificial Intelligence,Paid,Beginner,490.9,7.55,4.55,15.21264367816092,3.9402873563218392,0.41379310344827586,15,7363.5,490.9,19.0,9327.1,2025-02,2,High,Short,Excellent,Senior
CR00050,2025-02,19,9327.1,Computer Vision,Artificial Intelligence,Paid,Beginner,490.9,7.55,4.55,15.21264367816092,3.9402873563218392,0.41379310344827586,19,8345.3,490.90000000000003,23.0,11290.699999999999,2025-03,3,High,Short,Excellent,Senior
CR00050,2025-03,23,11290.699999999999,Computer Vision,Artificial Intelligence,Paid,Beginner,490.9,7.55,4.55,15.21264367816092,3.9402873563218392,0.41379310344827586,23,9327.1,490.9,15.0,7363.5,2025-04,4,High,Short,Excellent,Senior
CR00050,2025-04,15,7363.5,Computer Vision,Artificial Intelligence,Paid,Beginner,490.9,7.55,4.55,15.21264367816092,3.9402873563218392,0.41379310344827586,15,8836.2,490.9,10.0,4909.0,2025-05,5,High,Short,Excellent,Senior
CR00050,2025-05,10,4909.0,Computer Vision,Artificial Intelligence,Paid,Beginner,490.9,7.55,4.55,15.21264367816092,3.9402873563218392,0.41379310344827586,10,8050.76,490.9,16.0,7854.4,2025-06,6,High,Short,Excellent,Senior
CR00050,2025-06,16,7854.4,Computer Vision,Artificial Intelligence,Paid,Beginner,490.9,7.55,4.55,15.21264367816092,3.9402873563218392,0.41379310344827586,16,8018.033333333333,490.9,13.0,6381.7,2025-07,7,High,Short,Excellent,Senior
CR00050,2025-07,13,6381.7,Computer Vision,Artificial Intelligence,Paid,Beginner,490.9,7.55,4.55,15.21264367816092,3.9402873563218392,0.41379310344827586,13,7784.271428571429,490.9,8.0,3927.2,2025-08,8,High,Short,Excellent,Senior
CR00050,2025-08,8,3927.2,Computer Vision,Artificial Intelligence,Paid,Beginner,490.9,7.55,4.55,15.21264367816092,3.9402873563218392,0.41379310344827586,8,7302.1375,490.9,12.0,5890.799999999999,2025-09,9,High,Short,Excellent,Senior
CR00050,2025-09,12,5890.799999999999,Computer Vision,Artificial Intelligence,Paid,Beginner,490.9,7.55,4.55,15.21264367816092,3.9402873563218392,0.41379310344827586,12,7145.322222222221,490.8999999999999,13.0,6381.7,2025-10,10,High,Short,Excellent,Senior
CR00050,2025-10,13,6381.7,Computer Vision,Artificial Intelligence,Paid,Beginner,490.9,7.55,4.55,15.21264367816092,3.9402873563218392,0.41379310344827586,13,7068.959999999999,490.9,17.0,8345.3,2025-11,11,High,Short,Excellent,Senior
CR00050,2025-11,17,8345.3,Computer Vision,Artificial Intelligence,Paid,Beginner,490.9,7.55,4.55,15.21264367816092,3.9402873563218392,0.41379310344827586,17,7184.990909090909,490.9,13.0,6381.7,2025-12,12,High,Short,Excellent,Senior
CR00051,2025-01,10,378.9,HTML & CSS,Web Development,Paid,Advanced,37.89,24.11,1.3,15.690058479532164,4.0678947368421055,0.29239766081871343,10,378.9,37.89,15.0,568.35,2025-02,2,Low,Medium,Developing,Senior
CR00051,2025-02,15,568.35,HTML & CSS,Web Development,Paid,Advanced,37.89,24.11,1.3,15.690058479532164,4.0678947368421055,0.29239766081871343,15,473.625,37.89,24.0,909.36,2025-03,3,Low,Medium,Developing,Senior
CR00051,2025-03,24,909.36,HTML & CSS,Web Development,Paid,Advanced,37.89,24.11,1.3,15.690058479532164,4.0678947368421055,0.29239766081871343,24,618.87,37.89,11.0,416.79,2025-04,4,Low,Medium,Developing,Senior
CR00051,2025-04,11,416.79,HTML & CSS,Web Development,Paid,Advanced,37.89,24.11,1.3,15.690058479532164,4.0678947368421055,0.29239766081871343,11,568.35,37.89,15.0,568.35,2025-05,5,Low,Medium,Developing,Senior
CR00051,2025-05,15,568.35,HTML & CSS,Web Development,Paid,Advanced,37.89,24.11,1.3,15.690058479532164,4.0678947368421055,0.29239766081871343,15,568.35,37.89,13.0,492.57,2025-06,6,Low,Medium,Developing,Senior
CR00051,2025-06,13,492.57,HTML & CSS,Web Development,Paid,Advanced,37.89,24.11,1.3,15.690058479532164,4.0678947368421055,0.29239766081871343,13,555.72,37.89,14.0,530.46,2025-07,7,Low,Medium,Developing,Senior
CR00051,2025-07,14,530.46,HTML & CSS,Web Development,Paid,Advanced,37.89,24.11,1.3,15.690058479532164,4.0678947368421055,0.29239766081871343,14,552.1114285714285,37.89,14.0,530.46,2025-08,8,Low,Medium,Developing,Senior
CR00051,2025-08,14,530.46,HTML & CSS,Web Development,Paid,Advanced,37.89,24.11,1.3,15.690058479532164,4.0678947368421055,0.29239766081871343,14,549.405,37.89,13.0,492.57,2025-09,9,Low,Medium,Developing,Senior
CR00051,2025-09,13,492.57,HTML & CSS,Web Development,Paid,Advanced,37.89,24.11,1.3,15.690058479532164,4.0678947368421055,0.29239766081871343,13,543.09,37.89,11.0,416.79,2025-10,10,Low,Medium,Developing,Senior
CR00051,2025-10,11,416.79,HTML & CSS,Web Development,Paid,Advanced,37.89,24.11,1.3,15.690058479532164,4.0678947368421055,0.29239766081871343,11,530.46,37.89,15.0,568.35,2025-11,11,Low,Medium,Developing,Senior
CR00051,2025-11,15,568.35,HTML & CSS,Web Development,Paid,Advanced,37.89,24.11,1.3,15.690058479532164,4.0678947368421055,0.29239766081871343,15,533.9045454545454,37.89,16.0,606.24,2025-12,12,Low,Medium,Developing,Senior
CR00052,2025-01,17,0.0,JavaScript Mastery,Web Development,Free,Beginner,0.0,40.76,2.2,15.2987012987013,4.05077922077922,0.35064935064935066,17,0.0,0.0,14.0,0.0,2025-02,2,Free,Long,Developing,Senior
CR00052,2025-02,14,0.0,JavaScript Mastery,Web Development,Free,Beginner,0.0,40.76,2.2,15.2987012987013,4.05077922077922,0.35064935064935066,14,0.0,0.0,13.0,0.0,2025-03,3,Free,Long,Developing,Senior
CR00052,2025-03,13,0.0,JavaScript Mastery,Web Development,Free,Beginner,0.0,40.76,2.2,15.2987012987013,4.05077922077922,0.35064935064935066,13,0.0,0.0,16.0,0.0,2025-04,4,Free,Long,Developing,Senior
CR00052,2025-04,16,0.0,JavaScript Mastery,Web Development,Free,Beginner,0.0,40.76,2.2,15.2987012987013,4.05077922077922,0.35064935064935066,16,0.0,0.0,15.0,0.0,2025-05,5,Free,Long,Developing,Senior
CR00052,2025-05,15,0.0,JavaScript Mastery,Web Development,Free,Beginner,0.0,40.76,2.2,15.2987012987013,4.05077922077922,0.35064935064935066,15,0.0,0.0,13.0,0.0,2025-06,6,Free,Long,Developing,Senior
CR00052,2025-06,13,0.0,JavaScript Mastery,Web Development,Free,Beginner,0.0,40.76,2.2,15.2987012987013,4.05077922077922,0.35064935064935066,13,0.0,0.0,11.0,0.0,2025-07,7,Free,Long,Developing,Senior
CR00052,2025-07,11,0.0,JavaScript Mastery,Web Development,Free,Beginner,0.0,40.76,2.2,15.2987012987013,4.05077922077922,0.35064935064935066,11,0.0,0.0,14.0,0.0,2025-08,8,Free,Long,Developing,Senior
CR00052,2025-08,14,0.0,JavaScript Mastery,Web Development,Free,Beginner,0.0,40.76,2.2,15.2987012987013,4.05077922077922,0.35064935064935066,14,0.0,0.0,12.0,0.0,2025-09,9,Free,Long,Developing,Senior
CR00052,2025-09,12,0.0,JavaScript Mastery,Web Development,Free,Beginner,0.0,40.76,2.2,15.2987012987013,4.05077922077922,0.35064935064935066,12,0.0,0.0,8.0,0.0,2025-10,10,Free,Long,Developing,Senior
CR00052,2025-10,8,0.0,JavaScript Mastery,Web Development,Free,Beginner,0.0,40.76,2.2,15.2987012987013,4.05077922077922,0.35064935064935066,8,0.0,0.0,11.0,0.0,2025-11,11,Free,Long,Developing,Senior
CR00052,2025-11,11,0.0,JavaScript Mastery,Web Development,Free,Beginner,0.0,40.76,2.2,15.2987012987013,4.05077922077922,0.35064935064935066,11,0.0,0.0,10.0,0.0,2025-12,12,Free,Long,Developing,Senior
CR00053,2025-01,14,0.0,React for Beginners,Web Development,Free,Advanced,0.0,40.07,2.67,15.276073619631902,3.9677914110429446,0.34355828220858897,14,0.0,0.0,13.0,0.0,2025-02,2,Free,Long,Developing,Senior
CR00053,2025-02,13,0.0,React for Beginners,Web Development,Free,Advanced,0.0,40.07,2.67,15.276073619631902,3.9677914110429446,0.34355828220858897,13,0.0,0.0,19.0,0.0,2025-03,3,Free,Long,Developing,Senior
CR00053,2025-03,19,0.0,React for Beginners,Web Development,Free,Advanced,0.0,40.07,2.67,15.276073619631902,3.9677914110429446,0.34355828220858897,19,0.0,0.0,10.0,0.0,2025-04,4,Free,Long,Developing,Senior
CR00053,2025-04,10,0.0,React for Beginners,Web Development,Free,Advanced,0.0,40.07,2.67,15.276073619631902,3.9677914110429446,0.34355828220858897,10,0.0,0.0,13.0,0.0,2025-05,5,Free,Long,Developing,Senior
CR00053,2025-05,13,0.0,React for Beginners,Web Development,Free,Advanced,0.0,40.07,2.67,15.276073619631902,3.9677914110429446,0.34355828220858897,13,0.0,0.0,12.0,0.0,2025-06,6,Free,Long,Developing,Senior
CR00053,2025-06,12,0.0,React for Beginners,Web Development,Free,Advanced,0.0,40.07,2.67,15.276073619631902,3.9677914110429446,0.34355828220858897,12,0.0,0.0,12.0,0.0,2025-07,7,Free,Long,Developing,Senior
CR00053,2025-07,12,0.0,React for Beginners,Web Development,Free,Advanced,0.0,40.07,2.67,15.276073619631902,3.9677914110429446,0.34355828220858897,12,0.0,0.0,16.0,0.0,2025-08,8,Free,Long,Developing,Senior
CR00053,2025-08,16,0.0,React for Beginners,Web Development,Free,Advanced,0.0,40.07,2.67,15.276073619631902,3.9677914110429446,0.34355828220858897,16,0.0,0.0,14.0,0.0,2025-09,9,Free,Long,Developing,Senior
CR00053,2025-09,14,0.0,React for Beginners,Web Development,Free,Advanced,0.0,40.07,2.67,15.276073619631902,3.9677914110429446,0.34355828220858897,14,0.0,0.0,14.0,0.0,2025-10,10,Free,Long,Developing,Senior
CR00053,2025-10,14,0.0,React for Beginners,Web Development,Free,Advanced,0.0,40.07,2.67,15.276073619631902,3.9677914110429446,0.34355828220858897,14,0.0,0.0,12.0,0.0,2025-11,11,Free,Long,Developing,Senior
CR00053,2025-11,12,0.0,React for Beginners,Web Development,Free,Advanced,0.0,40.07,2.67,15.276073619631902,3.9677914110429446,0.34355828220858897,12,0.0,0.0,14.0,0.0,2025-12,12,Free,Long,Developing,Senior
CR00054,2025-01,14,0.0,Backend Development with Node.js,Web Development,Free,Beginner,0.0,48.57,3.32,15.50561797752809,4.133089887640449,0.2808988764044944,14,0.0,0.0,11.0,0.0,2025-02,2,Free,Long,Good,Senior
CR00054,2025-02,11,0.0,Backend Development with Node.js,Web Development,Free,Beginner,0.0,48.57,3.32,15.50561797752809,4.133089887640449,0.2808988764044944,11,0.0,0.0,13.0,0.0,2025-03,3,Free,Long,Good,Senior
CR00054,2025-03,13,0.0,Backend Development with Node.js,Web Development,Free,Beginner,0.0,48.57,3.32,15.50561797752809,4.133089887640449,0.2808988764044944,13,0.0,0.0,16.0,0.0,2025-04,4,Free,Long,Good,Senior
CR00054,2025-04,16,0.0,Backend Development with Node.js,Web Development,Free,Beginner,0.0,48.57,3.32,15.50561797752809,4.133089887640449,0.2808988764044944,16,0.0,0.0,14.0,0.0,2025-05,5,Free,Long,Good,Senior
CR00054,2025-05,14,0.0,Backend Development with Node.js,Web Development,Free,Beginner,0.0,48.57,3.32,15.50561797752809,4.133089887640449,0.2808988764044944,14,0.0,0.0,14.0,0.0,2025-06,6,Free,Long,Good,Senior
CR00054,2025-06,14,0.0,Backend Development with Node.js,Web Development,Free,Beginner,0.0,48.57,3.32,15.50561797752809,4.133089887640449,0.2808988764044944,14,0.0,0.0,12.0,0.0,2025-07,7,Free,Long,Good,Senior
CR00054,2025-07,12,0.0,Backend Development with Node.js,Web Development,Free,Beginner,0.0,48.57,3.32,15.50561797752809,4.133089887640449,0.2808988764044944,12,0.0,0.0,18.0,0.0,2025-08,8,Free,Long,Good,Senior
CR00054,2025-08,18,0.0,Backend Development with Node.js,Web Development,Free,Beginner,0.0,48.57,3.32,15.50561797752809,4.133089887640449,0.2808988764044944,18,0.0,0.0,17.0,0.0,2025-09,9,Free,Long,Good,Senior
CR00054,2025-09,17,0.0,Backend Development with Node.js,Web Development,Free,Beginner,0.0,48.57,3.32,15.50561797752809,4.133089887640449,0.2808988764044944,17,0.0,0.0,16.0,0.0,2025-10,10,Free,Long,Good,Senior
CR00054,2025-10,16,0.0,Backend Development with Node.js,Web Development,Free,Beginner,0.0,48.57,3.32,15.50561797752809,4.133089887640449,0.2808988764044944,16,0.0,0.0,16.0,0.0,2025-11,11,Free,Long,Good,Senior
CR00054,2025-11,16,0.0,Backend Development with Node.js,Web Development,Free,Beginner,0.0,48.57,3.32,15.50561797752809,4.133089887640449,0.2808988764044944,16,0.0,0.0,17.0,0.0,2025-12,12,Free,Long,Good,Senior
CR00055,2025-01,14,802.48,Full-Stack Web Development,Web Development,Paid,Advanced,57.32,43.95,4.74,16.03370786516854,4.106179775280899,0.2696629213483146,14,802.48,57.32,10.0,573.2,2025-02,2,Low,Long,Excellent,Senior
CR00055,2025-02,10,573.2,Full-Stack Web Development,Web Development,Paid,Advanced,57.32,43.95,4.74,16.03370786516854,4.106179775280899,0.2696629213483146,10,687.84,57.32000000000001,15.0,859.8,2025-03,3,Low,Long,Excellent,Senior
CR00055,2025-03,15,859.8,Full-Stack Web Development,Web Development,Paid,Advanced,57.32,43.95,4.74,16.03370786516854,4.106179775280899,0.2696629213483146,15,745.16,57.32,14.0,802.48,2025-04,4,Low,Long,Excellent,Senior
CR00055,2025-04,14,802.48,Full-Stack Web Development,Web Development,Paid,Advanced,57.32,43.95,4.74,16.03370786516854,4.106179775280899,0.2696629213483146,14,759.49,57.32,15.0,859.8,2025-05,5,Low,Long,Excellent,Senior
CR00055,2025-05,15,859.8,Full-Stack Web Development,Web Development,Paid,Advanced,57.32,43.95,4.74,16.03370786516854,4.106179775280899,0.2696629213483146,15,779.552,57.32,22.0,1261.04,2025-06,6,Low,Long,Excellent,Senior
CR00055,2025-06,22,1261.04,Full-Stack Web Development,Web Development,Paid,Advanced,57.32,43.95,4.74,16.03370786516854,4.106179775280899,0.2696629213483146,22,859.8000000000001,57.32,10.0,573.2,2025-07,7,Low,Long,Excellent,Senior
CR00055,2025-07,10,573.2,Full-Stack Web Development,Web Development,Paid,Advanced,57.32,43.95,4.74,16.03370786516854,4.106179775280899,0.2696629213483146,10,818.8571428571429,57.32000000000001,14.0,802.48,2025-08,8,Low,Long,Excellent,Senior
CR00055,2025-08,14,802.48,Full-Stack Web Development,Web Development,Paid,Advanced,57.32,43.95,4.74,16.03370786516854,4.106179775280899,0.2696629213483146,14,816.81,57.32,18.0,1031.76,2025-09,9,Low,Long,Excellent,Senior
CR00055,2025-09,18,1031.76,Full-Stack Web Development,Web Development,Paid,Advanced,57.32,43.95,4.74,16.03370786516854,4.106179775280899,0.2696629213483146,18,840.6933333333333,57.32,13.0,745.16,2025-10,10,Low,Long,Excellent,Senior
CR00055,2025-10,13,745.16,Full-Stack Web Development,Web Development,Paid,Advanced,57.32,43.95,4.74,16.03370786516854,4.106179775280899,0.2696629213483146,13,831.14,57.32,13.0,745.16,2025-11,11,Low,Long,Excellent,Senior
CR00055,2025-11,13,745.16,Full-Stack Web Development,Web Development,Paid,Advanced,57.32,43.95,4.74,16.03370786516854,4.106179775280899,0.2696629213483146,13,823.3236363636363,57.32,20.0,1146.4,2025-12,12,Low,Long,Excellent,Senior
CR00056,2025-01,14,2973.46,Google Ads Mastery,Digital Marketing,Paid,Advanced,212.39,22.89,3.15,15.783783783783784,4.199391891891892,0.39864864864864863,14,2973.46,212.39000000000001,8.0,1699.12,2025-02,2,Low,Medium,Good,Senior
CR00056,2025-02,8,1699.12,Google Ads Mastery,Digital Marketing,Paid,Advanced,212.39,22.89,3.15,15.783783783783784,4.199391891891892,0.39864864864864863,8,2336.29,212.39,16.0,3398.24,2025-03,3,Low,Medium,Good,Senior
CR00056,2025-03,16,3398.24,Google Ads Mastery,Digital Marketing,Paid,Advanced,212.39,22.89,3.15,15.783783783783784,4.199391891891892,0.39864864864864863,16,2690.273333333333,212.39,12.0,2548.68,2025-04,4,Low,Medium,Good,Senior
CR00056,2025-04,12,2548.68,Google Ads Mastery,Digital Marketing,Paid,Advanced,212.39,22.89,3.15,15.783783783783784,4.199391891891892,0.39864864864864863,12,2654.875,212.39,13.0,2761.0699999999997,2025-05,5,Low,Medium,Good,Senior
CR00056,2025-05,13,2761.0699999999997,Google Ads Mastery,Digital Marketing,Paid,Advanced,212.39,22.89,3.15,15.783783783783784,4.199391891891892,0.39864864864864863,13,2676.114,212.39,19.0,4035.41,2025-06,6,Low,Medium,Good,Senior
CR00056,2025-06,19,4035.41,Google Ads Mastery,Digital Marketing,Paid,Advanced,212.39,22.89,3.15,15.783783783783784,4.199391891891892,0.39864864864864863,19,2902.6633333333334,212.39,14.0,2973.46,2025-07,7,Low,Medium,Good,Senior
CR00056,2025-07,14,2973.46,Google Ads Mastery,Digital Marketing,Paid,Advanced,212.39,22.89,3.15,15.783783783783784,4.199391891891892,0.39864864864864863,14,2912.7771428571427,212.39000000000001,7.0,1486.73,2025-08,8,Low,Medium,Good,Senior
CR00056,2025-08,7,1486.73,Google Ads Mastery,Digital Marketing,Paid,Advanced,212.39,22.89,3.15,15.783783783783784,4.199391891891892,0.39864864864864863,7,2734.52125,212.39000000000001,12.0,2548.68,2025-09,9,Low,Medium,Good,Senior
CR00056,2025-09,12,2548.68,Google Ads Mastery,Digital Marketing,Paid,Advanced,212.39,22.89,3.15,15.783783783783784,4.199391891891892,0.39864864864864863,12,2713.8722222222223,212.39,11.0,2336.29,2025-10,10,Low,Medium,Good,Senior
CR00056,2025-10,11,2336.29,Google Ads Mastery,Digital Marketing,Paid,Advanced,212.39,22.89,3.15,15.783783783783784,4.199391891891892,0.39864864864864863,11,2676.114,212.39,15.0,3185.85,2025-11,11,Low,Medium,Good,Senior
CR00056,2025-11,15,3185.85,Google Ads Mastery,Digital Marketing,Paid,Advanced,212.39,22.89,3.15,15.783783783783784,4.199391891891892,0.39864864864864863,15,2722.453636363636,212.39,7.0,1486.73,2025-12,12,Low,Medium,Good,Senior
CR00057,2025-01,16,2837.44,SEO for E-commerce,Digital Marketing,Paid,Advanced,177.34,49.73,3.89,15.321428571428571,4.0996428571428565,0.4142857142857143,16,2837.44,177.34,9.0,1596.06,2025-02,2,Low,Long,Good,Senior
CR00057,2025-02,9,1596.06,SEO for E-commerce,Digital Marketing,Paid,Advanced,177.34,49.73,3.89,15.321428571428571,4.0996428571428565,0.4142857142857143,9,2216.75,177.34,8.0,1418.72,2025-03,3,Low,Long,Good,Senior
CR00057,2025-03,8,1418.72,SEO for E-commerce,Digital Marketing,Paid,Advanced,177.34,49.73,3.89,15.321428571428571,4.0996428571428565,0.4142857142857143,8,1950.74,177.34,14.0,2482.76,2025-04,4,Low,Long,Good,Senior
CR00057,2025-04,14,2482.76,SEO for E-commerce,Digital Marketing,Paid,Advanced,177.34,49.73,3.89,15.321428571428571,4.0996428571428565,0.4142857142857143,14,2083.745,177.34,14.0,2482.76,2025-05,5,Low,Long,Good,Senior
CR00057,2025-05,14,2482.76,SEO for E-commerce,Digital Marketing,Paid,Advanced,177.34,49.73,3.89,15.321428571428571,4.0996428571428565,0.4142857142857143,14,2163.5480000000002,177.34,18.0,3192.12,2025-06,6,Low,Long,Good,Senior
CR00057,2025-06,18,3192.12,SEO for E-commerce,Digital Marketing,Paid,Advanced,177.34,49.73,3.89,15.321428571428571,4.0996428571428565,0.4142857142857143,18,2334.976666666667,177.34,13.0,2305.42,2025-07,7,Low,Long,Good,Senior
CR00057,2025-07,13,2305.42,SEO for E-commerce,Digital Marketing,Paid,Advanced,177.34,49.73,3.89,15.321428571428571,4.0996428571428565,0.4142857142857143,13,2330.7542857142857,177.34,12.0,2128.08,2025-08,8,Low,Long,Good,Senior
CR00057,2025-08,12,2128.08,SEO for E-commerce,Digital Marketing,Paid,Advanced,177.34,49.73,3.89,15.321428571428571,4.0996428571428565,0.4142857142857143,12,2305.42,177.34,14.0,2482.76,2025-09,9,Low,Long,Good,Senior
CR00057,2025-09,14,2482.76,SEO for E-commerce,Digital Marketing,Paid,Advanced,177.34,49.73,3.89,15.321428571428571,4.0996428571428565,0.4142857142857143,14,2325.1244444444446,177.34,4.0,709.36,2025-10,10,Low,Long,Good,Senior
CR00057,2025-10,4,709.36,SEO for E-commerce,Digital Marketing,Paid,Advanced,177.34,49.73,3.89,15.321428571428571,4.0996428571428565,0.4142857142857143,4,2163.548,177.34,12.0,2128.08,2025-11,11,Low,Long,Good,Senior
CR00057,2025-11,12,2128.08,SEO for E-commerce,Digital Marketing,Paid,Advanced,177.34,49.73,3.89,15.321428571428571,4.0996428571428565,0.4142857142857143,12,2160.3236363636365,177.34,6.0,1064.04,2025-12,12,Low,Long,Good,Senior
CR00058,2025-01,15,0.0,Social Media Strategy,Digital Marketing,Free,Beginner,0.0,1.46,4.44,16.242268041237114,4.192474226804124,0.3711340206185567,15,0.0,0.0,15.0,0.0,2025-02,2,Free,Short,Excellent,Senior
CR00058,2025-02,15,0.0,Social Media Strategy,Digital Marketing,Free,Beginner,0.0,1.46,4.44,16.242268041237114,4.192474226804124,0.3711340206185567,15,0.0,0.0,16.0,0.0,2025-03,3,Free,Short,Excellent,Senior
CR00058,2025-03,16,0.0,Social Media Strategy,Digital Marketing,Free,Beginner,0.0,1.46,4.44,16.242268041237114,4.192474226804124,0.3711340206185567,16,0.0,0.0,19.0,0.0,2025-04,4,Free,Short,Excellent,Senior
CR00058,2025-04,19,0.0,Social Media Strategy,Digital Marketing,Free,Beginner,0.0,1.46,4.44,16.242268041237114,4.192474226804124,0.3711340206185567,19,0.0,0.0,12.0,0.0,2025-05,5,Free,Short,Excellent,Senior
CR00058,2025-05,12,0.0,Social Media Strategy,Digital Marketing,Free,Beginner,0.0,1.46,4.44,16.242268041237114,4.192474226804124,0.3711340206185567,12,0.0,0.0,17.0,0.0,2025-06,6,Free,Short,Excellent,Senior
CR00058,2025-06,17,0.0,Social Media Strategy,Digital Marketing,Free,Beginner,0.0,1.46,4.44,16.242268041237114,4.192474226804124,0.3711340206185567,17,0.0,0.0,10.0,0.0,2025-07,7,Free,Short,Excellent,Senior
CR00058,2025-07,10,0.0,Social Media Strategy,Digital Marketing,Free,Beginner,0.0,1.46,4.44,16.242268041237114,4.192474226804124,0.3711340206185567,10,0.0,0.0,19.0,0.0,2025-08,8,Free,Short,Excellent,Senior
CR00058,2025-08,19,0.0,Social Media Strategy,Digital Marketing,Free,Beginner,0.0,1.46,4.44,16.242268041237114,4.192474226804124,0.3711340206185567,19,0.0,0.0,17.0,0.0,2025-09,9,Free,Short,Excellent,Senior
CR00058,2025-09,17,0.0,Social Media Strategy,Digital Marketing,Free,Beginner,0.0,1.46,4.44,16.242268041237114,4.192474226804124,0.3711340206185567,17,0.0,0.0,18.0,0.0,2025-10,10,Free,Short,Excellent,Senior
CR00058,2025-10,18,0.0,Social Media Strategy,Digital Marketing,Free,Beginner,0.0,1.46,4.44,16.242268041237114,4.192474226804124,0.3711340206185567,18,0.0,0.0,23.0,0.0,2025-11,11,Free,Short,Excellent,Senior
CR00058,2025-11,23,0.0,Social Media Strategy,Digital Marketing,Free,Beginner,0.0,1.46,4.44,16.242268041237114,4.192474226804124,0.3711340206185567,23,0.0,0.0,13.0,0.0,2025-12,12,Free,Short,Excellent,Senior
CR00059,2025-01,14,0.0,Affiliate Marketing,Digital Marketing,Free,Intermediate,0.0,5.95,4.66,14.73913043478261,3.9988198757763973,0.453416149068323,14,0.0,0.0,17.0,0.0,2025-02,2,Free,Short,Excellent,Senior
CR00059,2025-02,17,0.0,Affiliate Marketing,Digital Marketing,Free,Intermediate,0.0,5.95,4.66,14.73913043478261,3.9988198757763973,0.453416149068323,17,0.0,0.0,25.0,0.0,2025-03,3,Free,Short,Excellent,Senior
CR00059,2025-03,25,0.0,Affiliate Marketing,Digital Marketing,Free,Intermediate,0.0,5.95,4.66,14.73913043478261,3.9988198757763973,0.453416149068323,25,0.0,0.0,12.0,0.0,2025-04,4,Free,Short,Excellent,Senior
CR00059,2025-04,12,0.0,Affiliate Marketing,Digital Marketing,Free,Intermediate,0.0,5.95,4.66,14.73913043478261,3.9988198757763973,0.453416149068323,12,0.0,0.0,12.0,0.0,2025-05,5,Free,Short,Excellent,Senior
CR00059,2025-05,12,0.0,Affiliate Marketing,Digital Marketing,Free,Intermediate,0.0,5.95,4.66,14.73913043478261,3.9988198757763973,0.453416149068323,12,0.0,0.0,11.0,0.0,2025-06,6,Free,Short,Excellent,Senior
CR00059,2025-06,11,0.0,Affiliate Marketing,Digital Marketing,Free,Intermediate,0.0,5.95,4.66,14.73913043478261,3.9988198757763973,0.453416149068323,11,0.0,0.0,9.0,0.0,2025-07,7,Free,Short,Excellent,Senior
CR00059,2025-07,9,0.0,Affiliate Marketing,Digital Marketing,Free,Intermediate,0.0,5.95,4.66,14.73913043478261,3.9988198757763973,0.453416149068323,9,0.0,0.0,19.0,0.0,2025-08,8,Free,Short,Excellent,Senior
CR00059,2025-08,19,0.0,Affiliate Marketing,Digital Marketing,Free,Intermediate,0.0,5.95,4.66,14.73913043478261,3.9988198757763973,0.453416149068323,19,0.0,0.0,13.0,0.0,2025-09,9,Free,Short,Excellent,Senior
CR00059,2025-09,13,0.0,Affiliate Marketing,Digital Marketing,Free,Intermediate,0.0,5.95,4.66,14.73913043478261,3.9988198757763973,0.453416149068323,13,0.0,0.0,4.0,0.0,2025-10,10,Free,Short,Excellent,Senior
CR00059,2025-10,4,0.0,Affiliate Marketing,Digital Marketing,Free,Intermediate,0.0,5.95,4.66,14.73913043478261,3.9988198757763973,0.453416149068323,4,0.0,0.0,13.0,0.0,2025-11,11,Free,Short,Excellent,Senior
CR00059,2025-11,13,0.0,Affiliate Marketing,Digital Marketing,Free,Intermediate,0.0,5.95,4.66,14.73913043478261,3.9988198757763973,0.453416149068323,13,0.0,0.0,12.0,0.0,2025-12,12,Free,Short,Excellent,Senior
CR00060,2025-01,6,0.0,Content Creation,Digital Marketing,Free,Beginner,0.0,8.95,2.14,15.915151515151516,4.096,0.37575757575757573,6,0.0,0.0,20.0,0.0,2025-02,2,Free,Short,Developing,Senior
CR00060,2025-02,20,0.0,Content Creation,Digital Marketing,Free,Beginner,0.0,8.95,2.14,15.915151515151516,4.096,0.37575757575757573,20,0.0,0.0,13.0,0.0,2025-03,3,Free,Short,Developing,Senior
CR00060,2025-03,13,0.0,Content Creation,Digital Marketing,Free,Beginner,0.0,8.95,2.14,15.915151515151516,4.096,0.37575757575757573,13,0.0,0.0,11.0,0.0,2025-04,4,Free,Short,Developing,Senior
CR00060,2025-04,11,0.0,Content Creation,Digital Marketing,Free,Beginner,0.0,8.95,2.14,15.915151515151516,4.096,0.37575757575757573,11,0.0,0.0,11.0,0.0,2025-05,5,Free,Short,Developing,Senior
CR00060,2025-05,11,0.0,Content Creation,Digital Marketing,Free,Beginner,0.0,8.95,2.14,15.915151515151516,4.096,0.37575757575757573,11,0.0,0.0,19.0,0.0,2025-06,6,Free,Short,Developing,Senior
CR00060,2025-06,19,0.0,Content Creation,Digital Marketing,Free,Beginner,0.0,8.95,2.14,15.915151515151516,4.096,0.37575757575757573,19,0.0,0.0,11.0,0.0,2025-07,7,Free,Short,Developing,Senior
CR00060,2025-07,11,0.0,Content Creation,Digital Marketing,Free,Beginner,0.0,8.95,2.14,15.915151515151516,4.096,0.37575757575757573,11,0.0,0.0,13.0,0.0,2025-08,8,Free,Short,Developing,Senior
CR00060,2025-08,13,0.0,Content Creation,Digital Marketing,Free,Beginner,0.0,8.95,2.14,15.915151515151516,4.096,0.37575757575757573,13,0.0,0.0,13.0,0.0,2025-09,9,Free,Short,Developing,Senior
CR00060,2025-09,13,0.0,Content Creation,Digital Marketing,Free,Beginner,0.0,8.95,2.14,15.915151515151516,4.096,0.37575757575757573,13,0.0,0.0,15.0,0.0,2025-10,10,Free,Short,Developing,Senior
CR00060,2025-10,15,0.0,Content Creation,Digital Marketing,Free,Beginner,0.0,8.95,2.14,15.915151515151516,4.096,0.37575757575757573,15,0.0,0.0,12.0,0.0,2025-11,11,Free,Short,Developing,Senior
CR00060,2025-11,12,0.0,Content Creation,Digital Marketing,Free,Beginner,0.0,8.95,2.14,15.915151515151516,4.096,0.37575757575757573,12,0.0,0.0,21.0,0.0,2025-12,12,Free,Short,Developing,Senior
